decade,port_rank,port,route_rank,destination,cargo
1550,1,"Antwerp",1,"England","woollen cloth"
1550,1,"Antwerp",2,"Iberia","Portuguese spices · Spanish silver"
1550,1,"Antwerp",3,"Germany","metals · fustians"
1550,1,"Antwerp",4,"Baltic","grain"
1550,1,"Antwerp",5,"West Mediterranean","Italian goods"
1550,1,"Antwerp",6,"France","trade goods"
1550,2,"Lisbon",1,"Brazil","sugar · gold · tobacco"
1550,2,"Lisbon",2,"India","pepper · spices"
1550,2,"Lisbon",3,"West Africa","gold · enslaved people"
1550,2,"Lisbon",4,"Low Countries","spice distribution"
1550,2,"Lisbon",5,"England","colonial goods"
1550,2,"Lisbon",6,"West Mediterranean","salt · wine"
1550,2,"Lisbon",7,"Atlantic Isles","Madeira wine"
1550,2,"Lisbon",8,"Newfoundland","cod"
1550,3,"Seville",1,"Spanish Main","silver"
1550,3,"Seville",2,"Caribbean","the Indies fleets"
1550,3,"Seville",3,"Atlantic Isles","Canary wine"
1550,3,"Seville",4,"Low Countries","colonial re-export"
1550,3,"Seville",5,"West Mediterranean","Italian goods"
1550,3,"Seville",6,"West Africa","enslaved people"
1550,4,"Venice",1,"Levant","silk · spices"
1550,4,"Venice",2,"West Mediterranean","Italian coasting"
1550,4,"Venice",3,"North Africa","Barbary trade"
1550,4,"Venice",4,"Adriatic","Dalmatian coasting"
1550,4,"Venice",5,"England","currants · glass"
1550,5,"Amsterdam",1,"Baltic","grain (the moedernegotie)"
1550,5,"Amsterdam",2,"Norway","timber"
1550,5,"Amsterdam",3,"France","wine · salt"
1550,5,"Amsterdam",4,"Iberia","salt · colonial goods"
1550,5,"Amsterdam",5,"West Africa","gold · enslaved people"
1550,6,"Genoa",1,"Iberia","silver · finance"
1550,6,"Genoa",2,"West Mediterranean","Sicilian grain"
1550,6,"Genoa",3,"Levant","silk"
1550,6,"Genoa",4,"North Africa","coral · hides"
1550,6,"Genoa",5,"France","Provençal trade"
1550,6,"Genoa",6,"Atlantic Isles","re-export"
1550,7,"Danzig",1,"Low Countries","grain"
1550,7,"Danzig",2,"England","grain"
1550,7,"Danzig",3,"France","grain"
1550,8,"Hamburg",1,"Iberia","colonial re-export"
1550,8,"Hamburg",2,"France","wine"
1550,8,"Hamburg",3,"Baltic","grain"
1550,8,"Hamburg",4,"Norway","timber"
1550,8,"Hamburg",5,"England","manufactures"
1550,8,"Hamburg",6,"Russia","naval stores"
1550,8,"Hamburg",7,"West Mediterranean","Italian goods"
1550,9,"London",1,"Iberia","wine · fruit · bullion"
1550,9,"London",2,"France","wine"
1550,9,"London",3,"Baltic","naval stores"
1550,9,"London",4,"Norway","timber"
1550,9,"London",5,"Low Countries","woollen cloth"
1550,10,"Lübeck",1,"Baltic","Hanseatic coasting"
1550,10,"Lübeck",2,"Norway","fish · timber"
1550,10,"Lübeck",3,"Russia","furs · wax (via Novgorod)"
1550,10,"Lübeck",4,"Low Countries","re-export"
1560,1,"Antwerp",1,"England","woollen cloth"
1560,1,"Antwerp",2,"Iberia","Portuguese spices · Spanish silver"
1560,1,"Antwerp",3,"Germany","metals · fustians"
1560,1,"Antwerp",4,"Baltic","grain"
1560,1,"Antwerp",5,"West Mediterranean","Italian goods"
1560,1,"Antwerp",6,"France","trade goods"
1560,2,"Lisbon",1,"Brazil","sugar · gold · tobacco"
1560,2,"Lisbon",2,"India","pepper · spices"
1560,2,"Lisbon",3,"West Africa","gold · enslaved people"
1560,2,"Lisbon",4,"Low Countries","spice distribution"
1560,2,"Lisbon",5,"England","colonial goods"
1560,2,"Lisbon",6,"West Mediterranean","salt · wine"
1560,2,"Lisbon",7,"Atlantic Isles","Madeira wine"
1560,2,"Lisbon",8,"Newfoundland","cod"
1560,3,"Seville",1,"Spanish Main","silver"
1560,3,"Seville",2,"Caribbean","the Indies fleets"
1560,3,"Seville",3,"Atlantic Isles","Canary wine"
1560,3,"Seville",4,"Low Countries","colonial re-export"
1560,3,"Seville",5,"West Mediterranean","Italian goods"
1560,3,"Seville",6,"West Africa","enslaved people"
1560,4,"Amsterdam",1,"Baltic","grain (the moedernegotie)"
1560,4,"Amsterdam",2,"Norway","timber"
1560,4,"Amsterdam",3,"France","wine · salt"
1560,4,"Amsterdam",4,"Iberia","salt · colonial goods"
1560,4,"Amsterdam",5,"West Africa","gold · enslaved people"
1560,5,"Venice",1,"Levant","silk · spices"
1560,5,"Venice",2,"West Mediterranean","Italian coasting"
1560,5,"Venice",3,"North Africa","Barbary trade"
1560,5,"Venice",4,"Adriatic","Dalmatian coasting"
1560,5,"Venice",5,"England","currants · glass"
1560,6,"Genoa",1,"Iberia","silver · finance"
1560,6,"Genoa",2,"West Mediterranean","Sicilian grain"
1560,6,"Genoa",3,"Levant","silk"
1560,6,"Genoa",4,"North Africa","coral · hides"
1560,6,"Genoa",5,"France","Provençal trade"
1560,6,"Genoa",6,"Atlantic Isles","re-export"
1560,7,"Danzig",1,"Low Countries","grain"
1560,7,"Danzig",2,"England","grain"
1560,7,"Danzig",3,"France","grain"
1560,8,"Hamburg",1,"Iberia","colonial re-export"
1560,8,"Hamburg",2,"France","wine"
1560,8,"Hamburg",3,"Baltic","grain"
1560,8,"Hamburg",4,"Norway","timber"
1560,8,"Hamburg",5,"England","manufactures"
1560,8,"Hamburg",6,"Russia","naval stores"
1560,8,"Hamburg",7,"West Mediterranean","Italian goods"
1560,9,"London",1,"Iberia","wine · fruit · bullion"
1560,9,"London",2,"France","wine"
1560,9,"London",3,"Baltic","naval stores"
1560,9,"London",4,"Norway","timber"
1560,9,"London",5,"Low Countries","woollen cloth"
1560,10,"Marseille",1,"Levant","cotton · silk · coffee (Smyrna · Aleppo)"
1560,10,"Marseille",2,"West Mediterranean","Italian · Spanish coasting"
1560,10,"Marseille",3,"North Africa","Barbary hides · coral"
1560,10,"Marseille",4,"France","coasting"
1560,10,"Marseille",5,"Iberia","re-export"
1570,1,"Antwerp",1,"England","woollen cloth"
1570,1,"Antwerp",2,"Iberia","Portuguese spices · Spanish silver"
1570,1,"Antwerp",3,"Germany","metals · fustians"
1570,1,"Antwerp",4,"Baltic","grain"
1570,1,"Antwerp",5,"West Mediterranean","Italian goods"
1570,1,"Antwerp",6,"France","trade goods"
1570,2,"Lisbon",1,"Brazil","sugar · gold · tobacco"
1570,2,"Lisbon",2,"India","pepper · spices"
1570,2,"Lisbon",3,"West Africa","gold · enslaved people"
1570,2,"Lisbon",4,"Low Countries","spice distribution"
1570,2,"Lisbon",5,"England","colonial goods"
1570,2,"Lisbon",6,"West Mediterranean","salt · wine"
1570,2,"Lisbon",7,"Atlantic Isles","Madeira wine"
1570,2,"Lisbon",8,"Newfoundland","cod"
1570,3,"Seville",1,"Spanish Main","silver"
1570,3,"Seville",2,"Caribbean","the Indies fleets"
1570,3,"Seville",3,"Atlantic Isles","Canary wine"
1570,3,"Seville",4,"Low Countries","colonial re-export"
1570,3,"Seville",5,"West Mediterranean","Italian goods"
1570,3,"Seville",6,"West Africa","enslaved people"
1570,4,"Amsterdam",1,"Baltic","grain (the moedernegotie)"
1570,4,"Amsterdam",2,"Norway","timber"
1570,4,"Amsterdam",3,"France","wine · salt"
1570,4,"Amsterdam",4,"Iberia","salt · colonial goods"
1570,4,"Amsterdam",5,"West Africa","gold · enslaved people"
1570,5,"Danzig",1,"Low Countries","grain"
1570,5,"Danzig",2,"England","grain"
1570,5,"Danzig",3,"France","grain"
1570,6,"Venice",1,"Levant","silk · spices"
1570,6,"Venice",2,"West Mediterranean","Italian coasting"
1570,6,"Venice",3,"North Africa","Barbary trade"
1570,6,"Venice",4,"Adriatic","Dalmatian coasting"
1570,6,"Venice",5,"England","currants · glass"
1570,7,"Genoa",1,"Iberia","silver · finance"
1570,7,"Genoa",2,"West Mediterranean","Sicilian grain"
1570,7,"Genoa",3,"Levant","silk"
1570,7,"Genoa",4,"North Africa","coral · hides"
1570,7,"Genoa",5,"France","Provençal trade"
1570,7,"Genoa",6,"Atlantic Isles","re-export"
1570,8,"Hamburg",1,"Iberia","colonial re-export"
1570,8,"Hamburg",2,"France","wine"
1570,8,"Hamburg",3,"Baltic","grain"
1570,8,"Hamburg",4,"Norway","timber"
1570,8,"Hamburg",5,"England","manufactures"
1570,8,"Hamburg",6,"Russia","naval stores"
1570,8,"Hamburg",7,"West Mediterranean","Italian goods"
1570,9,"London",1,"Iberia","wine · fruit · bullion"
1570,9,"London",2,"France","wine"
1570,9,"London",3,"Baltic","naval stores"
1570,9,"London",4,"Norway","timber"
1570,9,"London",5,"Low Countries","woollen cloth"
1570,10,"Marseille",1,"Levant","cotton · silk · coffee (Smyrna · Aleppo)"
1570,10,"Marseille",2,"West Mediterranean","Italian · Spanish coasting"
1570,10,"Marseille",3,"North Africa","Barbary hides · coral"
1570,10,"Marseille",4,"France","coasting"
1570,10,"Marseille",5,"Iberia","re-export"
1580,1,"Lisbon",1,"Brazil","sugar · gold · tobacco"
1580,1,"Lisbon",2,"India","pepper · spices"
1580,1,"Lisbon",3,"West Africa","gold · enslaved people"
1580,1,"Lisbon",4,"Angola","enslaved people"
1580,1,"Lisbon",5,"Low Countries","spice distribution"
1580,1,"Lisbon",6,"England","colonial goods"
1580,1,"Lisbon",7,"West Mediterranean","salt · wine"
1580,1,"Lisbon",8,"Atlantic Isles","Madeira wine"
1580,1,"Lisbon",9,"Newfoundland","cod"
1580,2,"Amsterdam",1,"Baltic","grain (the moedernegotie)"
1580,2,"Amsterdam",2,"Norway","timber"
1580,2,"Amsterdam",3,"France","wine · salt"
1580,2,"Amsterdam",4,"Iberia","salt · colonial goods"
1580,2,"Amsterdam",5,"Russia","naval stores · furs"
1580,2,"Amsterdam",6,"West Africa","gold · enslaved people"
1580,3,"Seville",1,"Spanish Main","silver"
1580,3,"Seville",2,"Caribbean","the Indies fleets"
1580,3,"Seville",3,"Atlantic Isles","Canary wine"
1580,3,"Seville",4,"Low Countries","colonial re-export"
1580,3,"Seville",5,"West Mediterranean","Italian goods"
1580,3,"Seville",6,"West Africa","enslaved people"
1580,4,"Antwerp",1,"England","woollen cloth"
1580,4,"Antwerp",2,"Iberia","Portuguese spices · Spanish silver"
1580,4,"Antwerp",3,"Germany","metals · fustians"
1580,4,"Antwerp",4,"Baltic","grain"
1580,4,"Antwerp",5,"West Mediterranean","Italian goods"
1580,4,"Antwerp",6,"France","trade goods"
1580,5,"Danzig",1,"Low Countries","grain"
1580,5,"Danzig",2,"England","grain"
1580,5,"Danzig",3,"France","grain"
1580,6,"Hamburg",1,"Iberia","colonial re-export"
1580,6,"Hamburg",2,"France","wine"
1580,6,"Hamburg",3,"Baltic","grain"
1580,6,"Hamburg",4,"Norway","timber"
1580,6,"Hamburg",5,"England","manufactures"
1580,6,"Hamburg",6,"Russia","naval stores"
1580,6,"Hamburg",7,"West Mediterranean","Italian goods"
1580,7,"Genoa",1,"Iberia","silver · finance"
1580,7,"Genoa",2,"West Mediterranean","Sicilian grain"
1580,7,"Genoa",3,"Levant","silk"
1580,7,"Genoa",4,"North Africa","coral · hides"
1580,7,"Genoa",5,"France","Provençal trade"
1580,7,"Genoa",6,"Atlantic Isles","re-export"
1580,8,"Venice",1,"Levant","silk · spices"
1580,8,"Venice",2,"West Mediterranean","Italian coasting"
1580,8,"Venice",3,"North Africa","Barbary trade"
1580,8,"Venice",4,"Adriatic","Dalmatian coasting"
1580,8,"Venice",5,"England","currants · glass"
1580,9,"London",1,"Iberia","wine · fruit · bullion"
1580,9,"London",2,"France","wine"
1580,9,"London",3,"Baltic","naval stores"
1580,9,"London",4,"Norway","timber"
1580,9,"London",5,"Low Countries","woollen cloth"
1580,9,"London",6,"Levant","silk · currants"
1580,10,"Marseille",1,"Levant","cotton · silk · coffee (Smyrna · Aleppo)"
1580,10,"Marseille",2,"West Mediterranean","Italian · Spanish coasting"
1580,10,"Marseille",3,"North Africa","Barbary hides · coral"
1580,10,"Marseille",4,"France","coasting"
1580,10,"Marseille",5,"Iberia","re-export"
1590,1,"Amsterdam",1,"Baltic","grain (the moedernegotie)"
1590,1,"Amsterdam",2,"Norway","timber"
1590,1,"Amsterdam",3,"France","wine · salt"
1590,1,"Amsterdam",4,"Iberia","salt · colonial goods"
1590,1,"Amsterdam",5,"Russia","naval stores · furs"
1590,1,"Amsterdam",6,"West Africa","gold · enslaved people"
1590,2,"Lisbon",1,"Brazil","sugar · gold · tobacco"
1590,2,"Lisbon",2,"India","pepper · spices"
1590,2,"Lisbon",3,"West Africa","gold · enslaved people"
1590,2,"Lisbon",4,"Angola","enslaved people"
1590,2,"Lisbon",5,"Low Countries","spice distribution"
1590,2,"Lisbon",6,"England","colonial goods"
1590,2,"Lisbon",7,"West Mediterranean","salt · wine"
1590,2,"Lisbon",8,"Atlantic Isles","Madeira wine"
1590,2,"Lisbon",9,"Newfoundland","cod"
1590,3,"Seville",1,"Spanish Main","silver"
1590,3,"Seville",2,"Caribbean","the Indies fleets"
1590,3,"Seville",3,"Atlantic Isles","Canary wine"
1590,3,"Seville",4,"Low Countries","colonial re-export"
1590,3,"Seville",5,"West Mediterranean","Italian goods"
1590,3,"Seville",6,"West Africa","enslaved people"
1590,4,"Danzig",1,"Low Countries","grain"
1590,4,"Danzig",2,"England","grain"
1590,4,"Danzig",3,"Iberia","grain"
1590,4,"Danzig",4,"West Mediterranean","grain"
1590,4,"Danzig",5,"France","grain"
1590,5,"Hamburg",1,"Iberia","colonial re-export"
1590,5,"Hamburg",2,"France","wine"
1590,5,"Hamburg",3,"Baltic","grain"
1590,5,"Hamburg",4,"Norway","timber"
1590,5,"Hamburg",5,"England","manufactures"
1590,5,"Hamburg",6,"Russia","naval stores"
1590,5,"Hamburg",7,"West Mediterranean","Italian goods"
1590,6,"Genoa",1,"Iberia","silver · finance"
1590,6,"Genoa",2,"West Mediterranean","Sicilian grain"
1590,6,"Genoa",3,"Levant","silk"
1590,6,"Genoa",4,"North Africa","coral · hides"
1590,6,"Genoa",5,"France","Provençal trade"
1590,6,"Genoa",6,"Atlantic Isles","re-export"
1590,7,"Venice",1,"Levant","silk · spices"
1590,7,"Venice",2,"West Mediterranean","Italian coasting"
1590,7,"Venice",3,"North Africa","Barbary trade"
1590,7,"Venice",4,"Adriatic","Dalmatian coasting"
1590,7,"Venice",5,"England","currants · glass"
1590,8,"London",1,"Iberia","wine · fruit · bullion"
1590,8,"London",2,"France","wine"
1590,8,"London",3,"Baltic","naval stores"
1590,8,"London",4,"Norway","timber"
1590,8,"London",5,"Low Countries","woollen cloth"
1590,8,"London",6,"Levant","silk · currants"
1590,9,"Livorno",1,"West Mediterranean","free-port entrepôt"
1590,9,"Livorno",2,"Levant","silk · coffee"
1590,9,"Livorno",3,"North Africa","coral"
1590,9,"Livorno",4,"England","the Straits trade"
1590,9,"Livorno",5,"Low Countries","re-export"
1590,9,"Livorno",6,"Iberia","colonial goods"
1590,10,"Marseille",1,"Levant","cotton · silk · coffee (Smyrna · Aleppo)"
1590,10,"Marseille",2,"West Mediterranean","Italian · Spanish coasting"
1590,10,"Marseille",3,"North Africa","Barbary hides · coral"
1590,10,"Marseille",4,"France","coasting"
1590,10,"Marseille",5,"Iberia","re-export"
1600,1,"Amsterdam",1,"Baltic","grain (the moedernegotie)"
1600,1,"Amsterdam",2,"Norway","timber"
1600,1,"Amsterdam",3,"France","wine · salt"
1600,1,"Amsterdam",4,"Iberia","salt · colonial goods"
1600,1,"Amsterdam",5,"Russia","naval stores · furs"
1600,1,"Amsterdam",6,"Levant","silk"
1600,1,"Amsterdam",7,"East Indies","fine spices"
1600,1,"Amsterdam",8,"West Africa","gold · enslaved people"
1600,2,"Lisbon",1,"Brazil","sugar · gold · tobacco"
1600,2,"Lisbon",2,"India","pepper · spices"
1600,2,"Lisbon",3,"West Africa","gold · enslaved people"
1600,2,"Lisbon",4,"Angola","enslaved people"
1600,2,"Lisbon",5,"Low Countries","spice distribution"
1600,2,"Lisbon",6,"England","colonial goods"
1600,2,"Lisbon",7,"West Mediterranean","salt · wine"
1600,2,"Lisbon",8,"Atlantic Isles","Madeira wine"
1600,2,"Lisbon",9,"Newfoundland","cod"
1600,3,"Seville",1,"Spanish Main","silver"
1600,3,"Seville",2,"Caribbean","the Indies fleets"
1600,3,"Seville",3,"Atlantic Isles","Canary wine"
1600,3,"Seville",4,"Low Countries","colonial re-export"
1600,3,"Seville",5,"West Mediterranean","Italian goods"
1600,3,"Seville",6,"West Africa","enslaved people"
1600,4,"London",1,"Iberia","wine · fruit · bullion"
1600,4,"London",2,"France","wine"
1600,4,"London",3,"Baltic","naval stores"
1600,4,"London",4,"Norway","timber"
1600,4,"London",5,"Low Countries","woollen cloth"
1600,4,"London",6,"Levant","silk · currants"
1600,4,"London",7,"India","cotton textiles"
1600,5,"Danzig",1,"Low Countries","grain"
1600,5,"Danzig",2,"England","grain"
1600,5,"Danzig",3,"Iberia","grain"
1600,5,"Danzig",4,"West Mediterranean","grain"
1600,5,"Danzig",5,"France","grain"
1600,6,"Hamburg",1,"Iberia","colonial re-export"
1600,6,"Hamburg",2,"France","wine"
1600,6,"Hamburg",3,"Baltic","grain"
1600,6,"Hamburg",4,"Norway","timber"
1600,6,"Hamburg",5,"England","manufactures"
1600,6,"Hamburg",6,"Brazil","sugar"
1600,6,"Hamburg",7,"Russia","naval stores"
1600,6,"Hamburg",8,"West Mediterranean","Italian goods"
1600,7,"Genoa",1,"Iberia","silver · finance"
1600,7,"Genoa",2,"West Mediterranean","Sicilian grain"
1600,7,"Genoa",3,"Levant","silk"
1600,7,"Genoa",4,"North Africa","coral · hides"
1600,7,"Genoa",5,"France","Provençal trade"
1600,7,"Genoa",6,"Atlantic Isles","re-export"
1600,8,"Venice",1,"Levant","silk · spices"
1600,8,"Venice",2,"West Mediterranean","Italian coasting"
1600,8,"Venice",3,"North Africa","Barbary trade"
1600,8,"Venice",4,"Adriatic","Dalmatian coasting"
1600,8,"Venice",5,"England","currants · glass"
1600,9,"Livorno",1,"West Mediterranean","free-port entrepôt"
1600,9,"Livorno",2,"Levant","silk · coffee"
1600,9,"Livorno",3,"North Africa","coral"
1600,9,"Livorno",4,"England","the Straits trade"
1600,9,"Livorno",5,"Low Countries","re-export"
1600,9,"Livorno",6,"Iberia","colonial goods"
1600,10,"Königsberg",1,"Low Countries","grain · flax"
1600,10,"Königsberg",2,"England","grain · naval stores"
1600,10,"Königsberg",3,"France","grain"
1600,10,"Königsberg",4,"West Mediterranean","grain"
1610,1,"Amsterdam",1,"Baltic","grain (the moedernegotie)"
1610,1,"Amsterdam",2,"Norway","timber"
1610,1,"Amsterdam",3,"France","wine · salt"
1610,1,"Amsterdam",4,"Iberia","salt · colonial goods"
1610,1,"Amsterdam",5,"Russia","naval stores · furs"
1610,1,"Amsterdam",6,"Levant","silk"
1610,1,"Amsterdam",7,"East Indies","fine spices"
1610,1,"Amsterdam",8,"West Africa","gold · enslaved people"
1610,1,"Amsterdam",9,"Arctic","whale oil"
1610,2,"Lisbon",1,"Brazil","sugar · gold · tobacco"
1610,2,"Lisbon",2,"India","pepper · spices"
1610,2,"Lisbon",3,"West Africa","gold · enslaved people"
1610,2,"Lisbon",4,"Angola","enslaved people"
1610,2,"Lisbon",5,"Low Countries","spice distribution"
1610,2,"Lisbon",6,"England","colonial goods"
1610,2,"Lisbon",7,"West Mediterranean","salt · wine"
1610,2,"Lisbon",8,"Atlantic Isles","Madeira wine"
1610,2,"Lisbon",9,"Newfoundland","cod"
1610,3,"London",1,"Iberia","wine · fruit · bullion"
1610,3,"London",2,"France","wine"
1610,3,"London",3,"Baltic","naval stores"
1610,3,"London",4,"Norway","timber"
1610,3,"London",5,"Low Countries","woollen cloth"
1610,3,"London",6,"Levant","silk · currants"
1610,3,"London",7,"India","cotton textiles"
1610,4,"Seville",1,"Spanish Main","silver"
1610,4,"Seville",2,"Caribbean","the Indies fleets"
1610,4,"Seville",3,"Atlantic Isles","Canary wine"
1610,4,"Seville",4,"Low Countries","colonial re-export"
1610,4,"Seville",5,"West Mediterranean","Italian goods"
1610,4,"Seville",6,"West Africa","enslaved people"
1610,5,"Danzig",1,"Low Countries","grain"
1610,5,"Danzig",2,"England","grain"
1610,5,"Danzig",3,"Iberia","grain"
1610,5,"Danzig",4,"West Mediterranean","grain"
1610,5,"Danzig",5,"France","grain"
1610,6,"Hamburg",1,"Iberia","colonial re-export"
1610,6,"Hamburg",2,"France","wine"
1610,6,"Hamburg",3,"Baltic","grain"
1610,6,"Hamburg",4,"Norway","timber"
1610,6,"Hamburg",5,"England","manufactures"
1610,6,"Hamburg",6,"Brazil","sugar"
1610,6,"Hamburg",7,"Arctic","whale oil"
1610,6,"Hamburg",8,"Russia","naval stores"
1610,6,"Hamburg",9,"West Mediterranean","Italian goods"
1610,7,"Genoa",1,"Iberia","silver · finance"
1610,7,"Genoa",2,"West Mediterranean","Sicilian grain"
1610,7,"Genoa",3,"Levant","silk"
1610,7,"Genoa",4,"North Africa","coral · hides"
1610,7,"Genoa",5,"France","Provençal trade"
1610,7,"Genoa",6,"Atlantic Isles","re-export"
1610,8,"Livorno",1,"West Mediterranean","free-port entrepôt"
1610,8,"Livorno",2,"Levant","silk · coffee"
1610,8,"Livorno",3,"North Africa","coral"
1610,8,"Livorno",4,"England","the Straits trade"
1610,8,"Livorno",5,"Low Countries","re-export"
1610,8,"Livorno",6,"Iberia","colonial goods"
1610,9,"Königsberg",1,"Low Countries","grain · flax"
1610,9,"Königsberg",2,"England","grain · naval stores"
1610,9,"Königsberg",3,"France","grain"
1610,9,"Königsberg",4,"West Mediterranean","grain"
1610,10,"Venice",1,"Levant","silk · spices"
1610,10,"Venice",2,"West Mediterranean","Italian coasting"
1610,10,"Venice",3,"North Africa","Barbary trade"
1610,10,"Venice",4,"Adriatic","Dalmatian coasting"
1610,10,"Venice",5,"England","currants · glass"
1620,1,"Amsterdam",1,"Baltic","grain (the moedernegotie)"
1620,1,"Amsterdam",2,"Norway","timber"
1620,1,"Amsterdam",3,"France","wine · salt"
1620,1,"Amsterdam",4,"Iberia","salt · colonial goods"
1620,1,"Amsterdam",5,"Russia","naval stores · furs"
1620,1,"Amsterdam",6,"Levant","silk"
1620,1,"Amsterdam",7,"East Indies","fine spices"
1620,1,"Amsterdam",8,"West Africa","gold · enslaved people"
1620,1,"Amsterdam",9,"Arctic","whale oil"
1620,2,"London",1,"Iberia","wine · fruit · bullion"
1620,2,"London",2,"France","wine"
1620,2,"London",3,"Baltic","naval stores"
1620,2,"London",4,"Norway","timber"
1620,2,"London",5,"Low Countries","woollen cloth"
1620,2,"London",6,"Levant","silk · currants"
1620,2,"London",7,"North America","tobacco"
1620,2,"London",8,"India","cotton textiles"
1620,3,"Lisbon",1,"Brazil","sugar · gold · tobacco"
1620,3,"Lisbon",2,"India","pepper · spices"
1620,3,"Lisbon",3,"West Africa","gold · enslaved people"
1620,3,"Lisbon",4,"Angola","enslaved people"
1620,3,"Lisbon",5,"Low Countries","spice distribution"
1620,3,"Lisbon",6,"England","colonial goods"
1620,3,"Lisbon",7,"West Mediterranean","salt · wine"
1620,3,"Lisbon",8,"Atlantic Isles","Madeira wine"
1620,3,"Lisbon",9,"Newfoundland","cod"
1620,4,"Seville",1,"Spanish Main","silver"
1620,4,"Seville",2,"Caribbean","the Indies fleets"
1620,4,"Seville",3,"Atlantic Isles","Canary wine"
1620,4,"Seville",4,"Low Countries","colonial re-export"
1620,4,"Seville",5,"West Mediterranean","Italian goods"
1620,4,"Seville",6,"West Africa","enslaved people"
1620,5,"Danzig",1,"Low Countries","grain"
1620,5,"Danzig",2,"England","grain"
1620,5,"Danzig",3,"Iberia","grain"
1620,5,"Danzig",4,"West Mediterranean","grain"
1620,5,"Danzig",5,"France","grain"
1620,6,"Hamburg",1,"Iberia","colonial re-export"
1620,6,"Hamburg",2,"France","wine"
1620,6,"Hamburg",3,"Baltic","grain"
1620,6,"Hamburg",4,"Norway","timber"
1620,6,"Hamburg",5,"England","manufactures"
1620,6,"Hamburg",6,"Brazil","sugar"
1620,6,"Hamburg",7,"Arctic","whale oil"
1620,6,"Hamburg",8,"Russia","naval stores"
1620,6,"Hamburg",9,"West Mediterranean","Italian goods"
1620,7,"Genoa",1,"Iberia","silver · finance"
1620,7,"Genoa",2,"West Mediterranean","Sicilian grain"
1620,7,"Genoa",3,"Levant","silk"
1620,7,"Genoa",4,"North Africa","coral · hides"
1620,7,"Genoa",5,"France","Provençal trade"
1620,7,"Genoa",6,"Atlantic Isles","re-export"
1620,8,"Livorno",1,"West Mediterranean","free-port entrepôt"
1620,8,"Livorno",2,"Levant","silk · coffee"
1620,8,"Livorno",3,"North Africa","coral"
1620,8,"Livorno",4,"England","the Straits trade"
1620,8,"Livorno",5,"Low Countries","re-export"
1620,8,"Livorno",6,"Iberia","colonial goods"
1620,9,"Königsberg",1,"Low Countries","grain · flax"
1620,9,"Königsberg",2,"England","grain · naval stores"
1620,9,"Königsberg",3,"France","grain"
1620,9,"Königsberg",4,"West Mediterranean","grain"
1620,10,"Venice",1,"Levant","silk · spices"
1620,10,"Venice",2,"West Mediterranean","Italian coasting"
1620,10,"Venice",3,"North Africa","Barbary trade"
1620,10,"Venice",4,"Adriatic","Dalmatian coasting"
1620,10,"Venice",5,"England","currants · glass"
1630,1,"Amsterdam",1,"Baltic","grain (the moedernegotie)"
1630,1,"Amsterdam",2,"Norway","timber"
1630,1,"Amsterdam",3,"France","wine · salt"
1630,1,"Amsterdam",4,"Iberia","salt · colonial goods"
1630,1,"Amsterdam",5,"Russia","naval stores · furs"
1630,1,"Amsterdam",6,"Levant","silk"
1630,1,"Amsterdam",7,"East Indies","fine spices"
1630,1,"Amsterdam",8,"West Africa","gold · enslaved people"
1630,1,"Amsterdam",9,"West Indies","sugar"
1630,1,"Amsterdam",10,"Arctic","whale oil"
1630,2,"London",1,"Iberia","wine · fruit · bullion"
1630,2,"London",2,"France","wine"
1630,2,"London",3,"Baltic","naval stores"
1630,2,"London",4,"Norway","timber"
1630,2,"London",5,"Low Countries","woollen cloth"
1630,2,"London",6,"Levant","silk · currants"
1630,2,"London",7,"North America","tobacco"
1630,2,"London",8,"India","cotton textiles"
1630,3,"Lisbon",1,"Brazil","sugar · gold · tobacco"
1630,3,"Lisbon",2,"India","pepper · spices"
1630,3,"Lisbon",3,"West Africa","gold · enslaved people"
1630,3,"Lisbon",4,"Angola","enslaved people"
1630,3,"Lisbon",5,"Low Countries","spice distribution"
1630,3,"Lisbon",6,"England","colonial goods"
1630,3,"Lisbon",7,"West Mediterranean","salt · wine"
1630,3,"Lisbon",8,"Atlantic Isles","Madeira wine"
1630,3,"Lisbon",9,"Newfoundland","cod"
1630,4,"Danzig",1,"Low Countries","grain"
1630,4,"Danzig",2,"England","grain"
1630,4,"Danzig",3,"Iberia","grain"
1630,4,"Danzig",4,"West Mediterranean","grain"
1630,4,"Danzig",5,"France","grain"
1630,5,"Hamburg",1,"Iberia","colonial re-export"
1630,5,"Hamburg",2,"France","wine"
1630,5,"Hamburg",3,"Baltic","grain"
1630,5,"Hamburg",4,"Norway","timber"
1630,5,"Hamburg",5,"England","manufactures"
1630,5,"Hamburg",6,"Brazil","sugar"
1630,5,"Hamburg",7,"Arctic","whale oil"
1630,5,"Hamburg",8,"Russia","naval stores"
1630,5,"Hamburg",9,"West Mediterranean","Italian goods"
1630,6,"Seville",1,"Spanish Main","silver"
1630,6,"Seville",2,"Caribbean","the Indies fleets"
1630,6,"Seville",3,"Atlantic Isles","Canary wine"
1630,6,"Seville",4,"Low Countries","colonial re-export"
1630,6,"Seville",5,"West Mediterranean","Italian goods"
1630,6,"Seville",6,"West Africa","enslaved people"
1630,7,"Genoa",1,"Iberia","silver · finance"
1630,7,"Genoa",2,"West Mediterranean","Sicilian grain"
1630,7,"Genoa",3,"Levant","silk"
1630,7,"Genoa",4,"North Africa","coral · hides"
1630,7,"Genoa",5,"France","Provençal trade"
1630,7,"Genoa",6,"Atlantic Isles","re-export"
1630,8,"Livorno",1,"West Mediterranean","free-port entrepôt"
1630,8,"Livorno",2,"Levant","silk · coffee"
1630,8,"Livorno",3,"North Africa","coral"
1630,8,"Livorno",4,"England","the Straits trade"
1630,8,"Livorno",5,"Low Countries","re-export"
1630,8,"Livorno",6,"Iberia","colonial goods"
1630,9,"Königsberg",1,"Low Countries","grain · flax"
1630,9,"Königsberg",2,"England","grain · naval stores"
1630,9,"Königsberg",3,"France","grain"
1630,9,"Königsberg",4,"West Mediterranean","grain"
1630,10,"Batavia",1,"Netherlands","spice return cargoes"
1630,10,"Batavia",2,"East Indies","spice collection"
1630,10,"Batavia",3,"India","Coromandel textiles"
1630,10,"Batavia",4,"Japan","copper · silver (via Dejima)"
1640,1,"Amsterdam",1,"Baltic","grain (the moedernegotie)"
1640,1,"Amsterdam",2,"Norway","timber"
1640,1,"Amsterdam",3,"France","wine · salt"
1640,1,"Amsterdam",4,"Iberia","salt · colonial goods"
1640,1,"Amsterdam",5,"Russia","naval stores · furs"
1640,1,"Amsterdam",6,"Levant","silk"
1640,1,"Amsterdam",7,"East Indies","fine spices"
1640,1,"Amsterdam",8,"West Africa","gold · enslaved people"
1640,1,"Amsterdam",9,"West Indies","sugar"
1640,1,"Amsterdam",10,"Arctic","whale oil"
1640,2,"London",1,"Iberia","wine · fruit · bullion"
1640,2,"London",2,"France","wine"
1640,2,"London",3,"Baltic","naval stores"
1640,2,"London",4,"Norway","timber"
1640,2,"London",5,"Low Countries","woollen cloth"
1640,2,"London",6,"Levant","silk · currants"
1640,2,"London",7,"West Indies","sugar"
1640,2,"London",8,"North America","tobacco"
1640,2,"London",9,"India","cotton textiles"
1640,3,"Lisbon",1,"Brazil","sugar · gold · tobacco"
1640,3,"Lisbon",2,"India","pepper · spices"
1640,3,"Lisbon",3,"West Africa","gold · enslaved people"
1640,3,"Lisbon",4,"Angola","enslaved people"
1640,3,"Lisbon",5,"Low Countries","spice distribution"
1640,3,"Lisbon",6,"England","colonial goods"
1640,3,"Lisbon",7,"West Mediterranean","salt · wine"
1640,3,"Lisbon",8,"Atlantic Isles","Madeira wine"
1640,3,"Lisbon",9,"Newfoundland","cod"
1640,4,"Danzig",1,"Low Countries","grain"
1640,4,"Danzig",2,"England","grain"
1640,4,"Danzig",3,"Iberia","grain"
1640,4,"Danzig",4,"West Mediterranean","grain"
1640,4,"Danzig",5,"France","grain"
1640,5,"Hamburg",1,"Iberia","colonial re-export"
1640,5,"Hamburg",2,"France","wine"
1640,5,"Hamburg",3,"Baltic","grain"
1640,5,"Hamburg",4,"Norway","timber"
1640,5,"Hamburg",5,"England","manufactures"
1640,5,"Hamburg",6,"Brazil","sugar"
1640,5,"Hamburg",7,"Arctic","whale oil"
1640,5,"Hamburg",8,"Russia","naval stores"
1640,5,"Hamburg",9,"West Mediterranean","Italian goods"
1640,6,"Seville",1,"Spanish Main","silver"
1640,6,"Seville",2,"Caribbean","the Indies fleets"
1640,6,"Seville",3,"Atlantic Isles","Canary wine"
1640,6,"Seville",4,"Low Countries","colonial re-export"
1640,6,"Seville",5,"West Mediterranean","Italian goods"
1640,6,"Seville",6,"West Africa","enslaved people"
1640,7,"Königsberg",1,"Low Countries","grain · flax"
1640,7,"Königsberg",2,"England","grain · naval stores"
1640,7,"Königsberg",3,"France","grain"
1640,7,"Königsberg",4,"West Mediterranean","grain"
1640,8,"Livorno",1,"West Mediterranean","free-port entrepôt"
1640,8,"Livorno",2,"Levant","silk · coffee"
1640,8,"Livorno",3,"North Africa","coral"
1640,8,"Livorno",4,"England","the Straits trade"
1640,8,"Livorno",5,"Low Countries","re-export"
1640,8,"Livorno",6,"Iberia","colonial goods"
1640,9,"Genoa",1,"Iberia","silver · finance"
1640,9,"Genoa",2,"West Mediterranean","Sicilian grain"
1640,9,"Genoa",3,"Levant","silk"
1640,9,"Genoa",4,"North Africa","coral · hides"
1640,9,"Genoa",5,"France","Provençal trade"
1640,9,"Genoa",6,"Atlantic Isles","re-export"
1640,10,"Batavia",1,"Netherlands","spice return cargoes"
1640,10,"Batavia",2,"East Indies","spice collection"
1640,10,"Batavia",3,"India","Coromandel textiles"
1640,10,"Batavia",4,"Japan","copper · silver (via Dejima)"
1640,10,"Batavia",5,"Ceylon","cinnamon"
1650,1,"Amsterdam",1,"Baltic","grain (the moedernegotie)"
1650,1,"Amsterdam",2,"Norway","timber"
1650,1,"Amsterdam",3,"France","wine · salt"
1650,1,"Amsterdam",4,"Iberia","salt · colonial goods"
1650,1,"Amsterdam",5,"Russia","naval stores · furs"
1650,1,"Amsterdam",6,"Levant","silk"
1650,1,"Amsterdam",7,"East Indies","fine spices"
1650,1,"Amsterdam",8,"West Africa","gold · enslaved people"
1650,1,"Amsterdam",9,"West Indies","sugar"
1650,1,"Amsterdam",10,"Arctic","whale oil"
1650,2,"London",1,"Iberia","wine · fruit · bullion"
1650,2,"London",2,"France","wine"
1650,2,"London",3,"Baltic","naval stores"
1650,2,"London",4,"Norway","timber"
1650,2,"London",5,"Low Countries","woollen cloth"
1650,2,"London",6,"Levant","silk · currants"
1650,2,"London",7,"West Indies","sugar"
1650,2,"London",8,"North America","tobacco"
1650,2,"London",9,"India","cotton textiles"
1650,3,"Lisbon",1,"Brazil","sugar · gold · tobacco"
1650,3,"Lisbon",2,"India","pepper · spices"
1650,3,"Lisbon",3,"West Africa","gold · enslaved people"
1650,3,"Lisbon",4,"Angola","enslaved people"
1650,3,"Lisbon",5,"Low Countries","spice distribution"
1650,3,"Lisbon",6,"England","colonial goods"
1650,3,"Lisbon",7,"West Mediterranean","salt · wine"
1650,3,"Lisbon",8,"Atlantic Isles","Madeira wine"
1650,3,"Lisbon",9,"Newfoundland","cod"
1650,4,"Danzig",1,"Low Countries","grain"
1650,4,"Danzig",2,"England","grain"
1650,4,"Danzig",3,"Iberia","grain"
1650,4,"Danzig",4,"West Mediterranean","grain"
1650,4,"Danzig",5,"France","grain"
1650,5,"Hamburg",1,"Iberia","colonial re-export"
1650,5,"Hamburg",2,"France","wine"
1650,5,"Hamburg",3,"Baltic","grain"
1650,5,"Hamburg",4,"Norway","timber"
1650,5,"Hamburg",5,"England","manufactures"
1650,5,"Hamburg",6,"Brazil","sugar"
1650,5,"Hamburg",7,"West Indies","colonial re-export"
1650,5,"Hamburg",8,"Arctic","whale oil"
1650,5,"Hamburg",9,"Russia","naval stores"
1650,5,"Hamburg",10,"West Mediterranean","Italian goods"
1650,6,"Cádiz",1,"Spanish Main","silver · cochineal"
1650,6,"Cádiz",2,"Caribbean","the Indies fleets · sugar"
1650,6,"Cádiz",3,"Atlantic Isles","Canary wine"
1650,6,"Cádiz",4,"France","linens · re-export"
1650,6,"Cádiz",5,"Low Countries","colonial re-export"
1650,6,"Cádiz",6,"West Mediterranean","Italian goods"
1650,6,"Cádiz",7,"West Africa","enslaved people (asiento)"
1650,6,"Cádiz",8,"England","colonial re-export"
1650,7,"Königsberg",1,"Low Countries","grain · flax"
1650,7,"Königsberg",2,"England","grain · naval stores"
1650,7,"Königsberg",3,"France","grain"
1650,7,"Königsberg",4,"West Mediterranean","grain"
1650,8,"Genoa",1,"Iberia","silver · finance"
1650,8,"Genoa",2,"West Mediterranean","Sicilian grain"
1650,8,"Genoa",3,"Levant","silk"
1650,8,"Genoa",4,"North Africa","coral · hides"
1650,8,"Genoa",5,"France","Provençal trade"
1650,8,"Genoa",6,"Atlantic Isles","re-export"
1650,9,"Livorno",1,"West Mediterranean","free-port entrepôt"
1650,9,"Livorno",2,"Levant","silk · coffee"
1650,9,"Livorno",3,"North Africa","coral"
1650,9,"Livorno",4,"England","the Straits trade"
1650,9,"Livorno",5,"Low Countries","re-export"
1650,9,"Livorno",6,"Iberia","colonial goods"
1650,10,"Marseille",1,"Levant","cotton · silk · coffee (Smyrna · Aleppo)"
1650,10,"Marseille",2,"West Mediterranean","Italian · Spanish coasting"
1650,10,"Marseille",3,"North Africa","Barbary hides · coral"
1650,10,"Marseille",4,"France","coasting"
1650,10,"Marseille",5,"Iberia","re-export"
1660,1,"Amsterdam",1,"Baltic","grain (the moedernegotie)"
1660,1,"Amsterdam",2,"Norway","timber"
1660,1,"Amsterdam",3,"France","wine · salt"
1660,1,"Amsterdam",4,"Iberia","salt · colonial goods"
1660,1,"Amsterdam",5,"Russia","naval stores · furs"
1660,1,"Amsterdam",6,"Levant","silk"
1660,1,"Amsterdam",7,"East Indies","fine spices"
1660,1,"Amsterdam",8,"West Africa","gold · enslaved people"
1660,1,"Amsterdam",9,"West Indies","sugar"
1660,1,"Amsterdam",10,"Arctic","whale oil"
1660,2,"London",1,"Iberia","wine · fruit · bullion"
1660,2,"London",2,"France","wine"
1660,2,"London",3,"Baltic","naval stores"
1660,2,"London",4,"Norway","timber"
1660,2,"London",5,"Levant","silk · currants"
1660,2,"London",6,"West Indies","sugar"
1660,2,"London",7,"North America","tobacco"
1660,2,"London",8,"India","cotton textiles"
1660,3,"Lisbon",1,"Brazil","sugar · gold · tobacco"
1660,3,"Lisbon",2,"India","pepper · spices"
1660,3,"Lisbon",3,"West Africa","gold · enslaved people"
1660,3,"Lisbon",4,"Angola","enslaved people"
1660,3,"Lisbon",5,"England","colonial goods"
1660,3,"Lisbon",6,"West Mediterranean","salt · wine"
1660,3,"Lisbon",7,"Atlantic Isles","Madeira wine"
1660,3,"Lisbon",8,"Newfoundland","cod"
1660,4,"Cádiz",1,"Spanish Main","silver · cochineal"
1660,4,"Cádiz",2,"Caribbean","the Indies fleets · sugar"
1660,4,"Cádiz",3,"Atlantic Isles","Canary wine"
1660,4,"Cádiz",4,"France","linens · re-export"
1660,4,"Cádiz",5,"Low Countries","colonial re-export"
1660,4,"Cádiz",6,"West Mediterranean","Italian goods"
1660,4,"Cádiz",7,"West Africa","enslaved people (asiento)"
1660,4,"Cádiz",8,"England","colonial re-export"
1660,5,"Danzig",1,"Low Countries","grain"
1660,5,"Danzig",2,"England","grain"
1660,5,"Danzig",3,"Iberia","grain"
1660,5,"Danzig",4,"West Mediterranean","grain"
1660,5,"Danzig",5,"France","grain"
1660,6,"Hamburg",1,"Iberia","colonial re-export"
1660,6,"Hamburg",2,"France","wine"
1660,6,"Hamburg",3,"Baltic","grain"
1660,6,"Hamburg",4,"Norway","timber"
1660,6,"Hamburg",5,"England","manufactures"
1660,6,"Hamburg",6,"Brazil","sugar"
1660,6,"Hamburg",7,"West Indies","colonial re-export"
1660,6,"Hamburg",8,"Arctic","whale oil"
1660,6,"Hamburg",9,"Russia","naval stores"
1660,6,"Hamburg",10,"West Mediterranean","Italian goods"
1660,7,"Genoa",1,"Iberia","silver · finance"
1660,7,"Genoa",2,"West Mediterranean","Sicilian grain"
1660,7,"Genoa",3,"Levant","silk"
1660,7,"Genoa",4,"North Africa","coral · hides"
1660,7,"Genoa",5,"France","Provençal trade"
1660,7,"Genoa",6,"Atlantic Isles","re-export"
1660,8,"Königsberg",1,"Low Countries","grain · flax"
1660,8,"Königsberg",2,"England","grain · naval stores"
1660,8,"Königsberg",3,"France","grain"
1660,8,"Königsberg",4,"West Mediterranean","grain"
1660,9,"Livorno",1,"West Mediterranean","free-port entrepôt"
1660,9,"Livorno",2,"Levant","silk · coffee"
1660,9,"Livorno",3,"North Africa","coral"
1660,9,"Livorno",4,"England","the Straits trade"
1660,9,"Livorno",5,"Low Countries","re-export"
1660,9,"Livorno",6,"Iberia","colonial goods"
1660,10,"Batavia",1,"Netherlands","spice return cargoes"
1660,10,"Batavia",2,"East Indies","spice collection"
1660,10,"Batavia",3,"India","Coromandel textiles"
1660,10,"Batavia",4,"Japan","copper · silver (via Dejima)"
1660,10,"Batavia",5,"Ceylon","cinnamon"
1670,1,"Amsterdam",1,"Baltic","grain (the moedernegotie)"
1670,1,"Amsterdam",2,"Norway","timber"
1670,1,"Amsterdam",3,"France","wine · salt"
1670,1,"Amsterdam",4,"Iberia","salt · colonial goods"
1670,1,"Amsterdam",5,"Russia","naval stores · furs"
1670,1,"Amsterdam",6,"Levant","silk"
1670,1,"Amsterdam",7,"East Indies","fine spices"
1670,1,"Amsterdam",8,"West Africa","gold · enslaved people"
1670,1,"Amsterdam",9,"West Indies","sugar"
1670,1,"Amsterdam",10,"Arctic","whale oil"
1670,2,"London",1,"Iberia","wine · fruit · bullion"
1670,2,"London",2,"France","wine"
1670,2,"London",3,"Baltic","naval stores"
1670,2,"London",4,"Norway","timber"
1670,2,"London",5,"Levant","silk · currants"
1670,2,"London",6,"West Indies","sugar"
1670,2,"London",7,"North America","tobacco"
1670,2,"London",8,"India","cotton textiles"
1670,3,"Cádiz",1,"Spanish Main","silver · cochineal"
1670,3,"Cádiz",2,"Caribbean","the Indies fleets · sugar"
1670,3,"Cádiz",3,"Atlantic Isles","Canary wine"
1670,3,"Cádiz",4,"France","linens · re-export"
1670,3,"Cádiz",5,"Low Countries","colonial re-export"
1670,3,"Cádiz",6,"West Mediterranean","Italian goods"
1670,3,"Cádiz",7,"West Africa","enslaved people (asiento)"
1670,3,"Cádiz",8,"England","colonial re-export"
1670,4,"Hamburg",1,"Iberia","colonial re-export"
1670,4,"Hamburg",2,"France","wine"
1670,4,"Hamburg",3,"Baltic","grain"
1670,4,"Hamburg",4,"Norway","timber"
1670,4,"Hamburg",5,"England","manufactures"
1670,4,"Hamburg",6,"Brazil","sugar"
1670,4,"Hamburg",7,"West Indies","colonial re-export"
1670,4,"Hamburg",8,"Arctic","whale oil"
1670,4,"Hamburg",9,"Russia","naval stores"
1670,4,"Hamburg",10,"West Mediterranean","Italian goods"
1670,5,"Lisbon",1,"Brazil","sugar · gold · tobacco"
1670,5,"Lisbon",2,"West Africa","gold · enslaved people"
1670,5,"Lisbon",3,"Angola","enslaved people"
1670,5,"Lisbon",4,"England","colonial goods"
1670,5,"Lisbon",5,"West Mediterranean","salt · wine"
1670,5,"Lisbon",6,"Atlantic Isles","Madeira wine"
1670,5,"Lisbon",7,"Newfoundland","cod"
1670,6,"Danzig",1,"Low Countries","grain"
1670,6,"Danzig",2,"England","grain"
1670,6,"Danzig",3,"France","grain"
1670,7,"Bordeaux",1,"Low Countries","wine"
1670,7,"Bordeaux",2,"England","wine"
1670,7,"Bordeaux",3,"Baltic","wine"
1670,7,"Bordeaux",4,"Germany","wine (via Hamburg)"
1670,7,"Bordeaux",5,"West Indies","sugar · coffee"
1670,7,"Bordeaux",6,"Newfoundland","cod"
1670,7,"Bordeaux",7,"Iberia","re-export"
1670,8,"Königsberg",1,"Low Countries","grain · flax"
1670,8,"Königsberg",2,"England","grain · naval stores"
1670,8,"Königsberg",3,"France","grain"
1670,9,"Batavia",1,"Netherlands","spice return cargoes"
1670,9,"Batavia",2,"East Indies","spice collection"
1670,9,"Batavia",3,"India","Coromandel textiles"
1670,9,"Batavia",4,"Japan","copper · silver (via Dejima)"
1670,9,"Batavia",5,"Ceylon","cinnamon"
1670,10,"Genoa",1,"Iberia","silver · finance"
1670,10,"Genoa",2,"West Mediterranean","Sicilian grain"
1670,10,"Genoa",3,"Levant","silk"
1670,10,"Genoa",4,"North Africa","coral · hides"
1670,10,"Genoa",5,"France","Provençal trade"
1670,10,"Genoa",6,"Atlantic Isles","re-export"
1680,1,"Amsterdam",1,"Baltic","grain (the moedernegotie)"
1680,1,"Amsterdam",2,"Norway","timber"
1680,1,"Amsterdam",3,"France","wine · salt"
1680,1,"Amsterdam",4,"Iberia","salt · colonial goods"
1680,1,"Amsterdam",5,"Russia","naval stores · furs"
1680,1,"Amsterdam",6,"Levant","silk"
1680,1,"Amsterdam",7,"East Indies","fine spices"
1680,1,"Amsterdam",8,"West Africa","gold · enslaved people"
1680,1,"Amsterdam",9,"West Indies","sugar"
1680,1,"Amsterdam",10,"Arctic","whale oil"
1680,2,"London",1,"Iberia","wine · fruit · bullion"
1680,2,"London",2,"France","wine"
1680,2,"London",3,"Baltic","naval stores"
1680,2,"London",4,"Norway","timber"
1680,2,"London",5,"Levant","silk · currants"
1680,2,"London",6,"West Indies","sugar"
1680,2,"London",7,"North America","tobacco"
1680,2,"London",8,"India","cotton textiles"
1680,3,"Cádiz",1,"Spanish Main","silver · cochineal"
1680,3,"Cádiz",2,"Caribbean","the Indies fleets · sugar"
1680,3,"Cádiz",3,"Atlantic Isles","Canary wine"
1680,3,"Cádiz",4,"France","linens · re-export"
1680,3,"Cádiz",5,"Low Countries","colonial re-export"
1680,3,"Cádiz",6,"West Mediterranean","Italian goods"
1680,3,"Cádiz",7,"West Africa","enslaved people (asiento)"
1680,3,"Cádiz",8,"England","colonial re-export"
1680,4,"Hamburg",1,"Iberia","colonial re-export"
1680,4,"Hamburg",2,"France","wine"
1680,4,"Hamburg",3,"Baltic","grain"
1680,4,"Hamburg",4,"Norway","timber"
1680,4,"Hamburg",5,"England","manufactures"
1680,4,"Hamburg",6,"Brazil","sugar"
1680,4,"Hamburg",7,"West Indies","colonial re-export"
1680,4,"Hamburg",8,"Arctic","whale oil"
1680,4,"Hamburg",9,"Russia","naval stores"
1680,4,"Hamburg",10,"West Mediterranean","Italian goods"
1680,5,"Lisbon",1,"Brazil","sugar · gold · tobacco"
1680,5,"Lisbon",2,"West Africa","gold · enslaved people"
1680,5,"Lisbon",3,"Angola","enslaved people"
1680,5,"Lisbon",4,"England","colonial goods"
1680,5,"Lisbon",5,"West Mediterranean","salt · wine"
1680,5,"Lisbon",6,"Atlantic Isles","Madeira wine"
1680,5,"Lisbon",7,"Newfoundland","cod"
1680,6,"Danzig",1,"Low Countries","grain"
1680,6,"Danzig",2,"England","grain"
1680,6,"Danzig",3,"France","grain"
1680,7,"Bordeaux",1,"Low Countries","wine"
1680,7,"Bordeaux",2,"England","wine"
1680,7,"Bordeaux",3,"Baltic","wine"
1680,7,"Bordeaux",4,"Germany","wine (via Hamburg)"
1680,7,"Bordeaux",5,"West Indies","sugar · coffee"
1680,7,"Bordeaux",6,"Newfoundland","cod"
1680,7,"Bordeaux",7,"Iberia","re-export"
1680,8,"Batavia",1,"Netherlands","spice return cargoes"
1680,8,"Batavia",2,"East Indies","spice collection"
1680,8,"Batavia",3,"India","Coromandel textiles"
1680,8,"Batavia",4,"Japan","copper · silver (via Dejima)"
1680,8,"Batavia",5,"Ceylon","cinnamon"
1680,9,"Königsberg",1,"Low Countries","grain · flax"
1680,9,"Königsberg",2,"England","grain · naval stores"
1680,9,"Königsberg",3,"France","grain"
1680,10,"Surat",1,"Arabia","Mocha coffee · pilgrims"
1680,10,"Surat",2,"Persian Gulf","textiles for bullion"
1680,10,"Surat",3,"England","cotton textiles (EIC)"
1680,10,"Surat",4,"Netherlands","cotton textiles (VOC)"
1680,10,"Surat",5,"East Africa","cloth for ivory"
1680,10,"Surat",6,"East Indies","textiles for spices"
1690,1,"London",1,"Iberia","wine · fruit · bullion"
1690,1,"London",2,"France","wine"
1690,1,"London",3,"Baltic","naval stores"
1690,1,"London",4,"Norway","timber"
1690,1,"London",5,"Levant","silk · currants"
1690,1,"London",6,"West Indies","sugar"
1690,1,"London",7,"North America","tobacco"
1690,1,"London",8,"India","cotton textiles"
1690,2,"Amsterdam",1,"Baltic","grain (the moedernegotie)"
1690,2,"Amsterdam",2,"Norway","timber"
1690,2,"Amsterdam",3,"France","wine · salt"
1690,2,"Amsterdam",4,"Iberia","salt · colonial goods"
1690,2,"Amsterdam",5,"Russia","naval stores · furs"
1690,2,"Amsterdam",6,"Levant","silk"
1690,2,"Amsterdam",7,"East Indies","fine spices"
1690,2,"Amsterdam",8,"West Africa","gold · enslaved people"
1690,2,"Amsterdam",9,"West Indies","sugar"
1690,2,"Amsterdam",10,"Arctic","whale oil"
1690,3,"Cádiz",1,"Spanish Main","silver · cochineal"
1690,3,"Cádiz",2,"Caribbean","the Indies fleets · sugar"
1690,3,"Cádiz",3,"Atlantic Isles","Canary wine"
1690,3,"Cádiz",4,"France","linens · re-export"
1690,3,"Cádiz",5,"Low Countries","colonial re-export"
1690,3,"Cádiz",6,"West Mediterranean","Italian goods"
1690,3,"Cádiz",7,"West Africa","enslaved people (asiento)"
1690,3,"Cádiz",8,"England","colonial re-export"
1690,4,"Hamburg",1,"Iberia","colonial re-export"
1690,4,"Hamburg",2,"France","wine"
1690,4,"Hamburg",3,"Baltic","grain"
1690,4,"Hamburg",4,"Norway","timber"
1690,4,"Hamburg",5,"England","manufactures"
1690,4,"Hamburg",6,"Brazil","sugar"
1690,4,"Hamburg",7,"West Indies","colonial re-export"
1690,4,"Hamburg",8,"Arctic","whale oil"
1690,4,"Hamburg",9,"Russia","naval stores"
1690,4,"Hamburg",10,"West Mediterranean","Italian goods"
1690,5,"Lisbon",1,"Brazil","sugar · gold · tobacco"
1690,5,"Lisbon",2,"West Africa","gold · enslaved people"
1690,5,"Lisbon",3,"Angola","enslaved people"
1690,5,"Lisbon",4,"England","colonial goods"
1690,5,"Lisbon",5,"West Mediterranean","salt · wine"
1690,5,"Lisbon",6,"Atlantic Isles","Madeira wine"
1690,5,"Lisbon",7,"Newfoundland","cod"
1690,6,"Danzig",1,"Low Countries","grain"
1690,6,"Danzig",2,"England","grain"
1690,6,"Danzig",3,"France","grain"
1690,7,"Bordeaux",1,"Low Countries","wine"
1690,7,"Bordeaux",2,"England","wine"
1690,7,"Bordeaux",3,"Baltic","wine"
1690,7,"Bordeaux",4,"Germany","wine (via Hamburg)"
1690,7,"Bordeaux",5,"West Indies","sugar · coffee"
1690,7,"Bordeaux",6,"Newfoundland","cod"
1690,7,"Bordeaux",7,"Iberia","re-export"
1690,8,"Batavia",1,"Netherlands","spice return cargoes"
1690,8,"Batavia",2,"East Indies","spice collection"
1690,8,"Batavia",3,"India","Coromandel textiles"
1690,8,"Batavia",4,"Japan","copper · silver (via Dejima)"
1690,8,"Batavia",5,"Ceylon","cinnamon"
1690,9,"Newcastle",1,"England","coal (the coastal collier trade)"
1690,9,"Newcastle",2,"Low Countries","coal"
1690,9,"Newcastle",3,"France","coal"
1690,9,"Newcastle",4,"Germany","coal"
1690,10,"Surat",1,"Arabia","Mocha coffee · pilgrims"
1690,10,"Surat",2,"Persian Gulf","textiles for bullion"
1690,10,"Surat",3,"England","cotton textiles (EIC)"
1690,10,"Surat",4,"Netherlands","cotton textiles (VOC)"
1690,10,"Surat",5,"East Africa","cloth for ivory"
1690,10,"Surat",6,"East Indies","textiles for spices"
1700,1,"London",1,"Iberia","wine · fruit · bullion"
1700,1,"London",2,"France","wine"
1700,1,"London",3,"Baltic","naval stores"
1700,1,"London",4,"Norway","timber"
1700,1,"London",5,"Levant","silk · currants"
1700,1,"London",6,"West Indies","sugar"
1700,1,"London",7,"North America","tobacco"
1700,1,"London",8,"India","cotton textiles"
1700,1,"London",9,"China","tea"
1700,2,"Amsterdam",1,"Baltic","grain (the moedernegotie)"
1700,2,"Amsterdam",2,"Norway","timber"
1700,2,"Amsterdam",3,"France","wine · salt"
1700,2,"Amsterdam",4,"Iberia","salt · colonial goods"
1700,2,"Amsterdam",5,"Russia","naval stores · furs"
1700,2,"Amsterdam",6,"Levant","silk"
1700,2,"Amsterdam",7,"East Indies","fine spices"
1700,2,"Amsterdam",8,"West Africa","gold · enslaved people"
1700,2,"Amsterdam",9,"West Indies","sugar"
1700,2,"Amsterdam",10,"Arctic","whale oil"
1700,3,"Cádiz",1,"Spanish Main","silver · cochineal"
1700,3,"Cádiz",2,"Caribbean","the Indies fleets · sugar"
1700,3,"Cádiz",3,"Atlantic Isles","Canary wine"
1700,3,"Cádiz",4,"France","linens · re-export"
1700,3,"Cádiz",5,"Low Countries","colonial re-export"
1700,3,"Cádiz",6,"West Mediterranean","Italian goods"
1700,3,"Cádiz",7,"West Africa","enslaved people (asiento)"
1700,3,"Cádiz",8,"England","colonial re-export"
1700,4,"Hamburg",1,"Iberia","colonial re-export"
1700,4,"Hamburg",2,"France","wine"
1700,4,"Hamburg",3,"Baltic","grain"
1700,4,"Hamburg",4,"Norway","timber"
1700,4,"Hamburg",5,"England","manufactures"
1700,4,"Hamburg",6,"Brazil","sugar"
1700,4,"Hamburg",7,"West Indies","colonial re-export"
1700,4,"Hamburg",8,"Arctic","whale oil"
1700,4,"Hamburg",9,"Russia","naval stores"
1700,4,"Hamburg",10,"West Mediterranean","Italian goods"
1700,5,"Lisbon",1,"Brazil","sugar · gold · tobacco"
1700,5,"Lisbon",2,"West Africa","gold · enslaved people"
1700,5,"Lisbon",3,"Angola","enslaved people"
1700,5,"Lisbon",4,"England","colonial goods"
1700,5,"Lisbon",5,"West Mediterranean","salt · wine"
1700,5,"Lisbon",6,"Atlantic Isles","Madeira wine"
1700,5,"Lisbon",7,"Newfoundland","cod"
1700,6,"Bordeaux",1,"Low Countries","wine"
1700,6,"Bordeaux",2,"England","wine"
1700,6,"Bordeaux",3,"Baltic","wine"
1700,6,"Bordeaux",4,"Germany","wine (via Hamburg)"
1700,6,"Bordeaux",5,"West Indies","sugar · coffee"
1700,6,"Bordeaux",6,"West Africa","enslaved people"
1700,6,"Bordeaux",7,"Newfoundland","cod"
1700,6,"Bordeaux",8,"Iberia","re-export"
1700,7,"Danzig",1,"Low Countries","grain"
1700,7,"Danzig",2,"England","grain"
1700,7,"Danzig",3,"France","grain"
1700,8,"Batavia",1,"Netherlands","spice return cargoes"
1700,8,"Batavia",2,"East Indies","spice collection"
1700,8,"Batavia",3,"China","tea · porcelain"
1700,8,"Batavia",4,"India","Coromandel textiles"
1700,8,"Batavia",5,"Japan","copper · silver (via Dejima)"
1700,8,"Batavia",6,"Ceylon","cinnamon"
1700,8,"Batavia",7,"Arabia","Mocha coffee"
1700,9,"Newcastle",1,"England","coal (the coastal collier trade)"
1700,9,"Newcastle",2,"Low Countries","coal"
1700,9,"Newcastle",3,"France","coal"
1700,9,"Newcastle",4,"Germany","coal"
1700,10,"Bristol",1,"West Indies","sugar"
1700,10,"Bristol",2,"North America","tobacco · provisions"
1700,10,"Bristol",3,"Ireland","provisions"
1700,10,"Bristol",4,"West Africa","enslaved people"
1700,10,"Bristol",5,"Iberia","wine"
1700,10,"Bristol",6,"Newfoundland","cod"
1710,1,"London",1,"Iberia","wine · fruit · bullion"
1710,1,"London",2,"France","wine"
1710,1,"London",3,"Baltic","naval stores"
1710,1,"London",4,"Norway","timber"
1710,1,"London",5,"Levant","silk · currants"
1710,1,"London",6,"West Indies","sugar"
1710,1,"London",7,"North America","tobacco"
1710,1,"London",8,"India","cotton textiles"
1710,1,"London",9,"China","tea"
1710,2,"Amsterdam",1,"Baltic","grain (the moedernegotie)"
1710,2,"Amsterdam",2,"Norway","timber"
1710,2,"Amsterdam",3,"France","wine · salt"
1710,2,"Amsterdam",4,"Iberia","salt · colonial goods"
1710,2,"Amsterdam",5,"Russia","naval stores · furs"
1710,2,"Amsterdam",6,"Levant","silk"
1710,2,"Amsterdam",7,"East Indies","fine spices"
1710,2,"Amsterdam",8,"West Africa","gold · enslaved people"
1710,2,"Amsterdam",9,"West Indies","sugar"
1710,2,"Amsterdam",10,"Arctic","whale oil"
1710,3,"Cádiz",1,"Spanish Main","silver · cochineal"
1710,3,"Cádiz",2,"Caribbean","the Indies fleets · sugar"
1710,3,"Cádiz",3,"Atlantic Isles","Canary wine"
1710,3,"Cádiz",4,"France","linens · re-export"
1710,3,"Cádiz",5,"Low Countries","colonial re-export"
1710,3,"Cádiz",6,"West Mediterranean","Italian goods"
1710,3,"Cádiz",7,"West Africa","enslaved people (asiento)"
1710,3,"Cádiz",8,"England","colonial re-export"
1710,4,"Hamburg",1,"Iberia","colonial re-export"
1710,4,"Hamburg",2,"France","wine"
1710,4,"Hamburg",3,"Baltic","grain"
1710,4,"Hamburg",4,"Norway","timber"
1710,4,"Hamburg",5,"England","manufactures"
1710,4,"Hamburg",6,"Brazil","sugar"
1710,4,"Hamburg",7,"West Indies","colonial re-export"
1710,4,"Hamburg",8,"Arctic","whale oil"
1710,4,"Hamburg",9,"Russia","naval stores"
1710,4,"Hamburg",10,"West Mediterranean","Italian goods"
1710,5,"Lisbon",1,"Brazil","sugar · gold · tobacco"
1710,5,"Lisbon",2,"West Africa","gold · enslaved people"
1710,5,"Lisbon",3,"Angola","enslaved people"
1710,5,"Lisbon",4,"England","colonial goods"
1710,5,"Lisbon",5,"West Mediterranean","salt · wine"
1710,5,"Lisbon",6,"Atlantic Isles","Madeira wine"
1710,5,"Lisbon",7,"Newfoundland","cod"
1710,6,"Bordeaux",1,"Low Countries","wine"
1710,6,"Bordeaux",2,"England","wine"
1710,6,"Bordeaux",3,"Baltic","wine"
1710,6,"Bordeaux",4,"Germany","wine (via Hamburg)"
1710,6,"Bordeaux",5,"West Indies","sugar · coffee"
1710,6,"Bordeaux",6,"West Africa","enslaved people"
1710,6,"Bordeaux",7,"Newfoundland","cod"
1710,6,"Bordeaux",8,"Iberia","re-export"
1710,7,"Danzig",1,"Low Countries","grain"
1710,7,"Danzig",2,"England","grain"
1710,7,"Danzig",3,"France","grain"
1710,8,"Batavia",1,"Netherlands","spice return cargoes"
1710,8,"Batavia",2,"East Indies","spice collection"
1710,8,"Batavia",3,"China","tea · porcelain"
1710,8,"Batavia",4,"India","Coromandel textiles"
1710,8,"Batavia",5,"Japan","copper · silver (via Dejima)"
1710,8,"Batavia",6,"Ceylon","cinnamon"
1710,8,"Batavia",7,"Arabia","Mocha coffee"
1710,9,"Newcastle",1,"England","coal (the coastal collier trade)"
1710,9,"Newcastle",2,"Low Countries","coal"
1710,9,"Newcastle",3,"France","coal"
1710,9,"Newcastle",4,"Germany","coal"
1710,10,"Bristol",1,"West Indies","sugar"
1710,10,"Bristol",2,"North America","tobacco · provisions"
1710,10,"Bristol",3,"Ireland","provisions"
1710,10,"Bristol",4,"West Africa","enslaved people"
1710,10,"Bristol",5,"Iberia","wine"
1710,10,"Bristol",6,"Newfoundland","cod"
1720,1,"London",1,"Iberia","wine · fruit · bullion"
1720,1,"London",2,"France","wine"
1720,1,"London",3,"Baltic","naval stores"
1720,1,"London",4,"Norway","timber"
1720,1,"London",5,"Levant","silk · currants"
1720,1,"London",6,"West Indies","sugar"
1720,1,"London",7,"North America","tobacco"
1720,1,"London",8,"India","cotton textiles"
1720,1,"London",9,"China","tea"
1720,2,"Amsterdam",1,"Baltic","grain (the moedernegotie)"
1720,2,"Amsterdam",2,"Norway","timber"
1720,2,"Amsterdam",3,"France","wine · salt"
1720,2,"Amsterdam",4,"Iberia","salt · colonial goods"
1720,2,"Amsterdam",5,"Russia","naval stores · furs"
1720,2,"Amsterdam",6,"Levant","silk"
1720,2,"Amsterdam",7,"East Indies","fine spices"
1720,2,"Amsterdam",8,"West Africa","gold · enslaved people"
1720,2,"Amsterdam",9,"West Indies","sugar"
1720,2,"Amsterdam",10,"Arctic","whale oil"
1720,3,"Cádiz",1,"Spanish Main","silver · cochineal"
1720,3,"Cádiz",2,"Caribbean","the Indies fleets · sugar"
1720,3,"Cádiz",3,"Atlantic Isles","Canary wine"
1720,3,"Cádiz",4,"France","linens · re-export"
1720,3,"Cádiz",5,"Low Countries","colonial re-export"
1720,3,"Cádiz",6,"West Mediterranean","Italian goods"
1720,3,"Cádiz",7,"West Africa","enslaved people (asiento)"
1720,3,"Cádiz",8,"England","colonial re-export"
1720,4,"Hamburg",1,"Iberia","colonial re-export"
1720,4,"Hamburg",2,"France","wine"
1720,4,"Hamburg",3,"Baltic","grain"
1720,4,"Hamburg",4,"Norway","timber"
1720,4,"Hamburg",5,"England","manufactures"
1720,4,"Hamburg",6,"Brazil","sugar"
1720,4,"Hamburg",7,"West Indies","colonial re-export"
1720,4,"Hamburg",8,"Arctic","whale oil"
1720,4,"Hamburg",9,"Russia","naval stores"
1720,4,"Hamburg",10,"West Mediterranean","Italian goods"
1720,5,"Lisbon",1,"Brazil","sugar · gold · tobacco"
1720,5,"Lisbon",2,"West Africa","gold · enslaved people"
1720,5,"Lisbon",3,"Angola","enslaved people"
1720,5,"Lisbon",4,"England","colonial goods"
1720,5,"Lisbon",5,"West Mediterranean","salt · wine"
1720,5,"Lisbon",6,"Atlantic Isles","Madeira wine"
1720,5,"Lisbon",7,"Newfoundland","cod"
1720,6,"Bordeaux",1,"Low Countries","wine"
1720,6,"Bordeaux",2,"England","wine"
1720,6,"Bordeaux",3,"Baltic","wine"
1720,6,"Bordeaux",4,"Germany","wine (via Hamburg)"
1720,6,"Bordeaux",5,"West Indies","sugar · coffee"
1720,6,"Bordeaux",6,"West Africa","enslaved people"
1720,6,"Bordeaux",7,"Newfoundland","cod"
1720,6,"Bordeaux",8,"Iberia","re-export"
1720,7,"Newcastle",1,"England","coal (the coastal collier trade)"
1720,7,"Newcastle",2,"Low Countries","coal"
1720,7,"Newcastle",3,"France","coal"
1720,7,"Newcastle",4,"Germany","coal"
1720,8,"Batavia",1,"Netherlands","spice return cargoes"
1720,8,"Batavia",2,"East Indies","spice collection"
1720,8,"Batavia",3,"China","tea · porcelain"
1720,8,"Batavia",4,"India","Coromandel textiles"
1720,8,"Batavia",5,"Japan","copper · silver (via Dejima)"
1720,8,"Batavia",6,"Ceylon","cinnamon"
1720,8,"Batavia",7,"Arabia","Mocha coffee"
1720,9,"Bristol",1,"West Indies","sugar"
1720,9,"Bristol",2,"North America","tobacco · provisions"
1720,9,"Bristol",3,"Ireland","provisions"
1720,9,"Bristol",4,"West Africa","enslaved people"
1720,9,"Bristol",5,"Iberia","wine"
1720,9,"Bristol",6,"Newfoundland","cod"
1720,10,"Danzig",1,"Low Countries","grain"
1720,10,"Danzig",2,"England","grain"
1720,10,"Danzig",3,"France","grain"
1730,1,"London",1,"Iberia","wine · fruit · bullion"
1730,1,"London",2,"France","wine"
1730,1,"London",3,"Baltic","naval stores"
1730,1,"London",4,"Norway","timber"
1730,1,"London",5,"Levant","silk · currants"
1730,1,"London",6,"West Indies","sugar"
1730,1,"London",7,"North America","tobacco"
1730,1,"London",8,"India","cotton textiles"
1730,1,"London",9,"China","tea"
1730,2,"Amsterdam",1,"Baltic","grain (the moedernegotie)"
1730,2,"Amsterdam",2,"Norway","timber"
1730,2,"Amsterdam",3,"France","wine · salt"
1730,2,"Amsterdam",4,"Iberia","salt · colonial goods"
1730,2,"Amsterdam",5,"Russia","naval stores · furs"
1730,2,"Amsterdam",6,"Levant","silk"
1730,2,"Amsterdam",7,"East Indies","fine spices"
1730,2,"Amsterdam",8,"West Africa","gold · enslaved people"
1730,2,"Amsterdam",9,"West Indies","sugar"
1730,2,"Amsterdam",10,"Arctic","whale oil"
1730,3,"Cádiz",1,"Spanish Main","silver · cochineal"
1730,3,"Cádiz",2,"Caribbean","the Indies fleets · sugar"
1730,3,"Cádiz",3,"Atlantic Isles","Canary wine"
1730,3,"Cádiz",4,"France","linens · re-export"
1730,3,"Cádiz",5,"Low Countries","colonial re-export"
1730,3,"Cádiz",6,"West Mediterranean","Italian goods"
1730,3,"Cádiz",7,"West Africa","enslaved people (asiento)"
1730,3,"Cádiz",8,"England","colonial re-export"
1730,4,"Bordeaux",1,"Low Countries","wine"
1730,4,"Bordeaux",2,"England","wine"
1730,4,"Bordeaux",3,"Baltic","wine"
1730,4,"Bordeaux",4,"Germany","wine (via Hamburg)"
1730,4,"Bordeaux",5,"West Indies","sugar · coffee"
1730,4,"Bordeaux",6,"West Africa","enslaved people"
1730,4,"Bordeaux",7,"Newfoundland","cod"
1730,4,"Bordeaux",8,"Iberia","re-export"
1730,5,"Lisbon",1,"Brazil","sugar · gold · tobacco"
1730,5,"Lisbon",2,"West Africa","gold · enslaved people"
1730,5,"Lisbon",3,"Angola","enslaved people"
1730,5,"Lisbon",4,"England","colonial goods"
1730,5,"Lisbon",5,"West Mediterranean","salt · wine"
1730,5,"Lisbon",6,"Atlantic Isles","Madeira wine"
1730,5,"Lisbon",7,"Newfoundland","cod"
1730,6,"Hamburg",1,"Iberia","colonial re-export"
1730,6,"Hamburg",2,"France","wine"
1730,6,"Hamburg",3,"Baltic","grain"
1730,6,"Hamburg",4,"Norway","timber"
1730,6,"Hamburg",5,"England","manufactures"
1730,6,"Hamburg",6,"Brazil","sugar"
1730,6,"Hamburg",7,"West Indies","colonial re-export"
1730,6,"Hamburg",8,"Arctic","whale oil"
1730,6,"Hamburg",9,"Russia","naval stores"
1730,6,"Hamburg",10,"West Mediterranean","Italian goods"
1730,7,"Batavia",1,"Netherlands","spice return cargoes"
1730,7,"Batavia",2,"East Indies","spice collection"
1730,7,"Batavia",3,"China","tea · porcelain"
1730,7,"Batavia",4,"India","Coromandel textiles"
1730,7,"Batavia",5,"Japan","copper · silver (via Dejima)"
1730,7,"Batavia",6,"Ceylon","cinnamon"
1730,7,"Batavia",7,"Arabia","Mocha coffee"
1730,8,"Bristol",1,"West Indies","sugar"
1730,8,"Bristol",2,"North America","tobacco · provisions"
1730,8,"Bristol",3,"Ireland","provisions"
1730,8,"Bristol",4,"West Africa","enslaved people"
1730,8,"Bristol",5,"Iberia","wine"
1730,8,"Bristol",6,"Newfoundland","cod"
1730,9,"Canton",1,"England","tea"
1730,9,"Canton",2,"East Indies","tea · junk trade"
1730,9,"Canton",3,"Northern Europe","tea (chartered companies)"
1730,9,"Canton",4,"Manila","junk trade"
1730,10,"Nantes",1,"West Africa","enslaved people"
1730,10,"Nantes",2,"West Indies","sugar · coffee"
1730,10,"Nantes",3,"France","coasting"
1730,10,"Nantes",4,"Iberia","re-export"
1730,10,"Nantes",5,"Baltic","salt"
1740,1,"London",1,"Iberia","wine · fruit · bullion"
1740,1,"London",2,"France","wine"
1740,1,"London",3,"Baltic","naval stores"
1740,1,"London",4,"Norway","timber"
1740,1,"London",5,"Levant","silk · currants"
1740,1,"London",6,"West Indies","sugar"
1740,1,"London",7,"North America","tobacco"
1740,1,"London",8,"India","cotton textiles"
1740,1,"London",9,"China","tea"
1740,2,"Amsterdam",1,"Baltic","grain (the moedernegotie)"
1740,2,"Amsterdam",2,"Norway","timber"
1740,2,"Amsterdam",3,"France","wine · salt"
1740,2,"Amsterdam",4,"Iberia","salt · colonial goods"
1740,2,"Amsterdam",5,"Russia","naval stores · furs"
1740,2,"Amsterdam",6,"Levant","silk"
1740,2,"Amsterdam",7,"East Indies","fine spices"
1740,2,"Amsterdam",8,"West Africa","gold · enslaved people"
1740,2,"Amsterdam",9,"West Indies","sugar"
1740,2,"Amsterdam",10,"Arctic","whale oil"
1740,3,"Bordeaux",1,"Low Countries","wine"
1740,3,"Bordeaux",2,"England","wine"
1740,3,"Bordeaux",3,"Baltic","wine"
1740,3,"Bordeaux",4,"Germany","wine (via Hamburg)"
1740,3,"Bordeaux",5,"West Indies","sugar · coffee"
1740,3,"Bordeaux",6,"West Africa","enslaved people"
1740,3,"Bordeaux",7,"Newfoundland","cod"
1740,3,"Bordeaux",8,"Iberia","re-export"
1740,4,"Cádiz",1,"Spanish Main","silver · cochineal"
1740,4,"Cádiz",2,"Caribbean","the Indies fleets · sugar"
1740,4,"Cádiz",3,"Atlantic Isles","Canary wine"
1740,4,"Cádiz",4,"France","linens · re-export"
1740,4,"Cádiz",5,"Low Countries","colonial re-export"
1740,4,"Cádiz",6,"West Mediterranean","Italian goods"
1740,4,"Cádiz",7,"West Africa","enslaved people (asiento)"
1740,4,"Cádiz",8,"England","colonial re-export"
1740,5,"Lisbon",1,"Brazil","sugar · gold · tobacco"
1740,5,"Lisbon",2,"West Africa","gold · enslaved people"
1740,5,"Lisbon",3,"Angola","enslaved people"
1740,5,"Lisbon",4,"England","colonial goods"
1740,5,"Lisbon",5,"West Mediterranean","salt · wine"
1740,5,"Lisbon",6,"Atlantic Isles","Madeira wine"
1740,5,"Lisbon",7,"Newfoundland","cod"
1740,6,"Hamburg",1,"Iberia","colonial re-export"
1740,6,"Hamburg",2,"France","wine"
1740,6,"Hamburg",3,"Baltic","grain"
1740,6,"Hamburg",4,"Norway","timber"
1740,6,"Hamburg",5,"England","manufactures"
1740,6,"Hamburg",6,"Brazil","sugar"
1740,6,"Hamburg",7,"West Indies","colonial re-export"
1740,6,"Hamburg",8,"Arctic","whale oil"
1740,6,"Hamburg",9,"Russia","naval stores"
1740,6,"Hamburg",10,"West Mediterranean","Italian goods"
1740,7,"Batavia",1,"Netherlands","spice return cargoes"
1740,7,"Batavia",2,"East Indies","spice collection"
1740,7,"Batavia",3,"China","tea · porcelain"
1740,7,"Batavia",4,"India","Coromandel textiles"
1740,7,"Batavia",5,"Japan","copper · silver (via Dejima)"
1740,7,"Batavia",6,"Ceylon","cinnamon"
1740,7,"Batavia",7,"Arabia","Mocha coffee"
1740,8,"Canton",1,"England","tea"
1740,8,"Canton",2,"East Indies","tea · junk trade"
1740,8,"Canton",3,"Northern Europe","tea (chartered companies)"
1740,8,"Canton",4,"Manila","junk trade"
1740,9,"Marseille",1,"Levant","cotton · silk · coffee (Smyrna · Aleppo)"
1740,9,"Marseille",2,"West Mediterranean","Italian · Spanish coasting"
1740,9,"Marseille",3,"North Africa","Barbary hides · coral"
1740,9,"Marseille",4,"France","coasting"
1740,9,"Marseille",5,"West Indies","sugar · coffee"
1740,9,"Marseille",6,"Iberia","re-export"
1740,10,"Nantes",1,"West Africa","enslaved people"
1740,10,"Nantes",2,"West Indies","sugar · coffee"
1740,10,"Nantes",3,"France","coasting"
1740,10,"Nantes",4,"Iberia","re-export"
1740,10,"Nantes",5,"Baltic","salt"
1750,1,"London",1,"Iberia","wine · fruit · bullion"
1750,1,"London",2,"France","wine"
1750,1,"London",3,"Baltic","naval stores"
1750,1,"London",4,"Norway","timber"
1750,1,"London",5,"Levant","silk · currants"
1750,1,"London",6,"West Indies","sugar"
1750,1,"London",7,"North America","tobacco"
1750,1,"London",8,"India","cotton textiles"
1750,1,"London",9,"China","tea"
1750,2,"Amsterdam",1,"Baltic","grain (the moedernegotie)"
1750,2,"Amsterdam",2,"Norway","timber"
1750,2,"Amsterdam",3,"France","wine · salt"
1750,2,"Amsterdam",4,"Iberia","salt · colonial goods"
1750,2,"Amsterdam",5,"Russia","naval stores · furs"
1750,2,"Amsterdam",6,"Levant","silk"
1750,2,"Amsterdam",7,"East Indies","fine spices"
1750,2,"Amsterdam",8,"West Africa","gold · enslaved people"
1750,2,"Amsterdam",9,"West Indies","sugar"
1750,2,"Amsterdam",10,"Arctic","whale oil"
1750,3,"Bordeaux",1,"Low Countries","wine"
1750,3,"Bordeaux",2,"England","wine"
1750,3,"Bordeaux",3,"Baltic","wine"
1750,3,"Bordeaux",4,"Germany","wine (via Hamburg)"
1750,3,"Bordeaux",5,"West Indies","sugar · coffee"
1750,3,"Bordeaux",6,"West Africa","enslaved people"
1750,3,"Bordeaux",7,"Newfoundland","cod"
1750,3,"Bordeaux",8,"Iberia","re-export"
1750,4,"Cádiz",1,"Spanish Main","silver · cochineal"
1750,4,"Cádiz",2,"Caribbean","the Indies fleets · sugar"
1750,4,"Cádiz",3,"Atlantic Isles","Canary wine"
1750,4,"Cádiz",4,"France","linens · re-export"
1750,4,"Cádiz",5,"Low Countries","colonial re-export"
1750,4,"Cádiz",6,"West Mediterranean","Italian goods"
1750,4,"Cádiz",7,"West Africa","enslaved people (asiento)"
1750,4,"Cádiz",8,"England","colonial re-export"
1750,5,"Hamburg",1,"Iberia","colonial re-export"
1750,5,"Hamburg",2,"France","wine"
1750,5,"Hamburg",3,"Baltic","grain"
1750,5,"Hamburg",4,"Norway","timber"
1750,5,"Hamburg",5,"England","manufactures"
1750,5,"Hamburg",6,"Brazil","sugar"
1750,5,"Hamburg",7,"West Indies","colonial re-export"
1750,5,"Hamburg",8,"Arctic","whale oil"
1750,5,"Hamburg",9,"Russia","naval stores"
1750,5,"Hamburg",10,"West Mediterranean","Italian goods"
1750,6,"Lisbon",1,"Brazil","sugar · gold · tobacco"
1750,6,"Lisbon",2,"West Africa","gold · enslaved people"
1750,6,"Lisbon",3,"Angola","enslaved people"
1750,6,"Lisbon",4,"England","colonial goods"
1750,6,"Lisbon",5,"West Mediterranean","salt · wine"
1750,6,"Lisbon",6,"Atlantic Isles","Madeira wine"
1750,6,"Lisbon",7,"Newfoundland","cod"
1750,7,"Batavia",1,"Netherlands","spice return cargoes"
1750,7,"Batavia",2,"East Indies","spice collection"
1750,7,"Batavia",3,"China","tea · porcelain"
1750,7,"Batavia",4,"India","Coromandel textiles"
1750,7,"Batavia",5,"Japan","copper · silver (via Dejima)"
1750,7,"Batavia",6,"Ceylon","cinnamon"
1750,7,"Batavia",7,"Arabia","Mocha coffee"
1750,8,"Canton",1,"England","tea"
1750,8,"Canton",2,"East Indies","tea · junk trade"
1750,8,"Canton",3,"Northern Europe","tea (chartered companies)"
1750,8,"Canton",4,"Manila","junk trade"
1750,9,"Marseille",1,"Levant","cotton · silk · coffee (Smyrna · Aleppo)"
1750,9,"Marseille",2,"West Mediterranean","Italian · Spanish coasting"
1750,9,"Marseille",3,"North Africa","Barbary hides · coral"
1750,9,"Marseille",4,"France","coasting"
1750,9,"Marseille",5,"West Indies","sugar · coffee"
1750,9,"Marseille",6,"Iberia","re-export"
1750,10,"Liverpool",1,"West Africa","enslaved people"
1750,10,"Liverpool",2,"West Indies","sugar"
1750,10,"Liverpool",3,"North America","tobacco · provisions"
1750,10,"Liverpool",4,"Ireland","provisions · linen"
1750,10,"Liverpool",5,"Iberia","salt"
1760,1,"London",1,"Iberia","wine · fruit · bullion"
1760,1,"London",2,"France","wine"
1760,1,"London",3,"Baltic","naval stores"
1760,1,"London",4,"Norway","timber"
1760,1,"London",5,"Levant","silk · currants"
1760,1,"London",6,"West Indies","sugar"
1760,1,"London",7,"North America","tobacco"
1760,1,"London",8,"India","cotton textiles"
1760,1,"London",9,"China","tea"
1760,2,"Amsterdam",1,"Baltic","grain (the moedernegotie)"
1760,2,"Amsterdam",2,"Norway","timber"
1760,2,"Amsterdam",3,"France","wine · salt"
1760,2,"Amsterdam",4,"Iberia","salt · colonial goods"
1760,2,"Amsterdam",5,"Russia","naval stores · furs"
1760,2,"Amsterdam",6,"Levant","silk"
1760,2,"Amsterdam",7,"East Indies","fine spices"
1760,2,"Amsterdam",8,"West Africa","gold · enslaved people"
1760,2,"Amsterdam",9,"West Indies","sugar"
1760,2,"Amsterdam",10,"Arctic","whale oil"
1760,3,"Bordeaux",1,"Low Countries","wine"
1760,3,"Bordeaux",2,"England","wine"
1760,3,"Bordeaux",3,"Baltic","wine"
1760,3,"Bordeaux",4,"Germany","wine (via Hamburg)"
1760,3,"Bordeaux",5,"West Indies","sugar · coffee"
1760,3,"Bordeaux",6,"West Africa","enslaved people"
1760,3,"Bordeaux",7,"Newfoundland","cod"
1760,3,"Bordeaux",8,"Iberia","re-export"
1760,4,"Cádiz",1,"Spanish Main","silver · cochineal"
1760,4,"Cádiz",2,"Caribbean","the Indies fleets · sugar"
1760,4,"Cádiz",3,"Atlantic Isles","Canary wine"
1760,4,"Cádiz",4,"France","linens · re-export"
1760,4,"Cádiz",5,"Low Countries","colonial re-export"
1760,4,"Cádiz",6,"West Mediterranean","Italian goods"
1760,4,"Cádiz",7,"West Africa","enslaved people (asiento)"
1760,4,"Cádiz",8,"England","colonial re-export"
1760,5,"Hamburg",1,"Iberia","colonial re-export"
1760,5,"Hamburg",2,"France","wine"
1760,5,"Hamburg",3,"Baltic","grain"
1760,5,"Hamburg",4,"Norway","timber"
1760,5,"Hamburg",5,"England","manufactures"
1760,5,"Hamburg",6,"Brazil","sugar"
1760,5,"Hamburg",7,"West Indies","colonial re-export"
1760,5,"Hamburg",8,"Arctic","whale oil"
1760,5,"Hamburg",9,"Russia","naval stores"
1760,5,"Hamburg",10,"West Mediterranean","Italian goods"
1760,6,"Lisbon",1,"Brazil","sugar · gold · tobacco"
1760,6,"Lisbon",2,"West Africa","gold · enslaved people"
1760,6,"Lisbon",3,"Angola","enslaved people"
1760,6,"Lisbon",4,"England","colonial goods"
1760,6,"Lisbon",5,"West Mediterranean","salt · wine"
1760,6,"Lisbon",6,"Atlantic Isles","Madeira wine"
1760,6,"Lisbon",7,"Newfoundland","cod"
1760,7,"Canton",1,"England","tea"
1760,7,"Canton",2,"East Indies","tea · junk trade"
1760,7,"Canton",3,"Northern Europe","tea (chartered companies)"
1760,7,"Canton",4,"Manila","junk trade"
1760,8,"Batavia",1,"Netherlands","spice return cargoes"
1760,8,"Batavia",2,"East Indies","spice collection"
1760,8,"Batavia",3,"China","tea · porcelain"
1760,8,"Batavia",4,"India","Coromandel textiles"
1760,8,"Batavia",5,"Japan","copper · silver (via Dejima)"
1760,8,"Batavia",6,"Ceylon","cinnamon"
1760,8,"Batavia",7,"Arabia","Mocha coffee"
1760,9,"Marseille",1,"Levant","cotton · silk · coffee (Smyrna · Aleppo)"
1760,9,"Marseille",2,"West Mediterranean","Italian · Spanish coasting"
1760,9,"Marseille",3,"North Africa","Barbary hides · coral"
1760,9,"Marseille",4,"France","coasting"
1760,9,"Marseille",5,"West Indies","sugar · coffee"
1760,9,"Marseille",6,"Iberia","re-export"
1760,10,"Newcastle",1,"England","coal (the coastal collier trade)"
1760,10,"Newcastle",2,"Low Countries","coal"
1760,10,"Newcastle",3,"France","coal"
1760,10,"Newcastle",4,"Germany","coal"
1770,1,"London",1,"Iberia","wine · fruit · bullion"
1770,1,"London",2,"France","wine"
1770,1,"London",3,"Baltic","naval stores"
1770,1,"London",4,"Norway","timber"
1770,1,"London",5,"Levant","silk · currants"
1770,1,"London",6,"West Indies","sugar"
1770,1,"London",7,"North America","tobacco"
1770,1,"London",8,"India","cotton textiles"
1770,1,"London",9,"China","tea"
1770,2,"Amsterdam",1,"Baltic","grain (the moedernegotie)"
1770,2,"Amsterdam",2,"Norway","timber"
1770,2,"Amsterdam",3,"France","wine · salt"
1770,2,"Amsterdam",4,"Iberia","salt · colonial goods"
1770,2,"Amsterdam",5,"Russia","naval stores · furs"
1770,2,"Amsterdam",6,"Levant","silk"
1770,2,"Amsterdam",7,"East Indies","fine spices"
1770,2,"Amsterdam",8,"West Africa","gold · enslaved people"
1770,2,"Amsterdam",9,"West Indies","sugar"
1770,2,"Amsterdam",10,"Arctic","whale oil"
1770,3,"Bordeaux",1,"Low Countries","wine"
1770,3,"Bordeaux",2,"England","wine"
1770,3,"Bordeaux",3,"Baltic","wine"
1770,3,"Bordeaux",4,"Germany","wine (via Hamburg)"
1770,3,"Bordeaux",5,"West Indies","sugar · coffee"
1770,3,"Bordeaux",6,"West Africa","enslaved people"
1770,3,"Bordeaux",7,"Newfoundland","cod"
1770,3,"Bordeaux",8,"Iberia","re-export"
1770,4,"Cádiz",1,"Spanish Main","silver · cochineal"
1770,4,"Cádiz",2,"Caribbean","the Indies fleets · sugar"
1770,4,"Cádiz",3,"Atlantic Isles","Canary wine"
1770,4,"Cádiz",4,"France","linens · re-export"
1770,4,"Cádiz",5,"Low Countries","colonial re-export"
1770,4,"Cádiz",6,"West Mediterranean","Italian goods"
1770,4,"Cádiz",7,"West Africa","enslaved people (asiento)"
1770,4,"Cádiz",8,"England","colonial re-export"
1770,5,"Hamburg",1,"Iberia","colonial re-export"
1770,5,"Hamburg",2,"France","wine"
1770,5,"Hamburg",3,"Baltic","grain"
1770,5,"Hamburg",4,"Norway","timber"
1770,5,"Hamburg",5,"England","manufactures"
1770,5,"Hamburg",6,"Brazil","sugar"
1770,5,"Hamburg",7,"West Indies","colonial re-export"
1770,5,"Hamburg",8,"Arctic","whale oil"
1770,5,"Hamburg",9,"Russia","naval stores"
1770,5,"Hamburg",10,"West Mediterranean","Italian goods"
1770,6,"Canton",1,"England","tea"
1770,6,"Canton",2,"East Indies","tea · junk trade"
1770,6,"Canton",3,"Northern Europe","tea (chartered companies)"
1770,6,"Canton",4,"India","raw cotton · opium"
1770,6,"Canton",5,"Manila","junk trade"
1770,7,"Liverpool",1,"West Africa","enslaved people"
1770,7,"Liverpool",2,"West Indies","sugar"
1770,7,"Liverpool",3,"North America","tobacco · provisions"
1770,7,"Liverpool",4,"Ireland","provisions · linen"
1770,7,"Liverpool",5,"Iberia","salt"
1770,8,"Batavia",1,"Netherlands","spice return cargoes"
1770,8,"Batavia",2,"East Indies","spice collection"
1770,8,"Batavia",3,"China","tea · porcelain"
1770,8,"Batavia",4,"India","Coromandel textiles"
1770,8,"Batavia",5,"Japan","copper · silver (via Dejima)"
1770,8,"Batavia",6,"Ceylon","cinnamon"
1770,8,"Batavia",7,"Arabia","Mocha coffee"
1770,9,"Marseille",1,"Levant","cotton · silk · coffee (Smyrna · Aleppo)"
1770,9,"Marseille",2,"West Mediterranean","Italian · Spanish coasting"
1770,9,"Marseille",3,"North Africa","Barbary hides · coral"
1770,9,"Marseille",4,"France","coasting"
1770,9,"Marseille",5,"West Indies","sugar · coffee"
1770,9,"Marseille",6,"Iberia","re-export"
1770,10,"Lisbon",1,"Brazil","sugar · gold · tobacco"
1770,10,"Lisbon",2,"West Africa","gold · enslaved people"
1770,10,"Lisbon",3,"Angola","enslaved people"
1770,10,"Lisbon",4,"England","colonial goods"
1770,10,"Lisbon",5,"West Mediterranean","salt · wine"
1770,10,"Lisbon",6,"Atlantic Isles","Madeira wine"
1770,10,"Lisbon",7,"Newfoundland","cod"
1780,1,"London",1,"Iberia","wine · fruit · bullion"
1780,1,"London",2,"France","wine"
1780,1,"London",3,"Baltic","naval stores"
1780,1,"London",4,"Norway","timber"
1780,1,"London",5,"Levant","silk · currants"
1780,1,"London",6,"West Indies","sugar"
1780,1,"London",7,"North America","tobacco"
1780,1,"London",8,"India","cotton textiles"
1780,1,"London",9,"China","tea"
1780,2,"Bordeaux",1,"Low Countries","wine"
1780,2,"Bordeaux",2,"England","wine"
1780,2,"Bordeaux",3,"Baltic","wine"
1780,2,"Bordeaux",4,"Germany","wine (via Hamburg)"
1780,2,"Bordeaux",5,"West Indies","sugar · coffee"
1780,2,"Bordeaux",6,"West Africa","enslaved people"
1780,2,"Bordeaux",7,"Newfoundland","cod"
1780,2,"Bordeaux",8,"Iberia","re-export"
1780,3,"Amsterdam",1,"Baltic","grain (the moedernegotie)"
1780,3,"Amsterdam",2,"Norway","timber"
1780,3,"Amsterdam",3,"France","wine · salt"
1780,3,"Amsterdam",4,"Iberia","salt · colonial goods"
1780,3,"Amsterdam",5,"Russia","naval stores · furs"
1780,3,"Amsterdam",6,"Levant","silk"
1780,3,"Amsterdam",7,"East Indies","fine spices"
1780,3,"Amsterdam",8,"West Africa","gold · enslaved people"
1780,3,"Amsterdam",9,"West Indies","sugar"
1780,3,"Amsterdam",10,"Arctic","whale oil"
1780,4,"Liverpool",1,"West Africa","enslaved people"
1780,4,"Liverpool",2,"West Indies","sugar"
1780,4,"Liverpool",3,"North America","tobacco · provisions"
1780,4,"Liverpool",4,"Ireland","provisions · linen"
1780,4,"Liverpool",5,"Iberia","salt"
1780,5,"Cádiz",1,"Spanish Main","silver · cochineal"
1780,5,"Cádiz",2,"Caribbean","the Indies fleets · sugar"
1780,5,"Cádiz",3,"Atlantic Isles","Canary wine"
1780,5,"Cádiz",4,"France","linens · re-export"
1780,5,"Cádiz",5,"Low Countries","colonial re-export"
1780,5,"Cádiz",6,"West Mediterranean","Italian goods"
1780,5,"Cádiz",7,"West Africa","enslaved people (asiento)"
1780,5,"Cádiz",8,"England","colonial re-export"
1780,6,"Hamburg",1,"Iberia","colonial re-export"
1780,6,"Hamburg",2,"France","wine"
1780,6,"Hamburg",3,"Baltic","grain"
1780,6,"Hamburg",4,"Norway","timber"
1780,6,"Hamburg",5,"England","manufactures"
1780,6,"Hamburg",6,"Brazil","sugar"
1780,6,"Hamburg",7,"West Indies","colonial re-export"
1780,6,"Hamburg",8,"Arctic","whale oil"
1780,6,"Hamburg",9,"Russia","naval stores"
1780,6,"Hamburg",10,"West Mediterranean","Italian goods"
1780,7,"Canton",1,"England","tea"
1780,7,"Canton",2,"East Indies","tea · junk trade"
1780,7,"Canton",3,"Northern Europe","tea (chartered companies)"
1780,7,"Canton",4,"India","raw cotton · opium"
1780,7,"Canton",5,"Manila","junk trade"
1780,8,"Batavia",1,"Netherlands","spice return cargoes"
1780,8,"Batavia",2,"East Indies","spice collection"
1780,8,"Batavia",3,"China","tea · porcelain"
1780,8,"Batavia",4,"India","Coromandel textiles"
1780,8,"Batavia",5,"Japan","copper · silver (via Dejima)"
1780,8,"Batavia",6,"Ceylon","cinnamon"
1780,8,"Batavia",7,"Arabia","Mocha coffee"
1780,9,"Calcutta",1,"England","textiles · saltpetre (EIC)"
1780,9,"Calcutta",2,"China","opium · raw cotton"
1780,9,"Calcutta",3,"East Indies","textiles"
1780,9,"Calcutta",4,"Persian Gulf","textiles"
1780,9,"Calcutta",5,"India","coastal country trade"
1780,10,"Marseille",1,"Levant","cotton · silk · coffee (Smyrna · Aleppo)"
1780,10,"Marseille",2,"West Mediterranean","Italian · Spanish coasting"
1780,10,"Marseille",3,"North Africa","Barbary hides · coral"
1780,10,"Marseille",4,"France","coasting"
1780,10,"Marseille",5,"West Indies","sugar · coffee"
1780,10,"Marseille",6,"Iberia","re-export"
1790,1,"London",1,"Iberia","wine · fruit · bullion"
1790,1,"London",2,"France","wine"
1790,1,"London",3,"Baltic","naval stores"
1790,1,"London",4,"Norway","timber"
1790,1,"London",5,"Levant","silk · currants"
1790,1,"London",6,"West Indies","sugar"
1790,1,"London",7,"North America","tobacco"
1790,1,"London",8,"India","cotton textiles"
1790,1,"London",9,"China","tea"
1790,2,"Liverpool",1,"West Africa","enslaved people"
1790,2,"Liverpool",2,"West Indies","sugar"
1790,2,"Liverpool",3,"North America","tobacco · provisions"
1790,2,"Liverpool",4,"Ireland","provisions · linen"
1790,2,"Liverpool",5,"Iberia","salt"
1790,3,"Amsterdam",1,"Baltic","grain (the moedernegotie)"
1790,3,"Amsterdam",2,"Norway","timber"
1790,3,"Amsterdam",3,"France","wine · salt"
1790,3,"Amsterdam",4,"Iberia","salt · colonial goods"
1790,3,"Amsterdam",5,"Russia","naval stores · furs"
1790,3,"Amsterdam",6,"Levant","silk"
1790,3,"Amsterdam",7,"East Indies","fine spices"
1790,3,"Amsterdam",8,"West Africa","gold · enslaved people"
1790,3,"Amsterdam",9,"West Indies","sugar"
1790,3,"Amsterdam",10,"Arctic","whale oil"
1790,4,"Hamburg",1,"Iberia","colonial re-export"
1790,4,"Hamburg",2,"France","wine"
1790,4,"Hamburg",3,"Baltic","grain"
1790,4,"Hamburg",4,"Norway","timber"
1790,4,"Hamburg",5,"England","manufactures"
1790,4,"Hamburg",6,"Brazil","sugar"
1790,4,"Hamburg",7,"West Indies","colonial re-export"
1790,4,"Hamburg",8,"Arctic","whale oil"
1790,4,"Hamburg",9,"Russia","naval stores"
1790,4,"Hamburg",10,"West Mediterranean","Italian goods"
1790,5,"Bordeaux",1,"Low Countries","wine"
1790,5,"Bordeaux",2,"England","wine"
1790,5,"Bordeaux",3,"Baltic","wine"
1790,5,"Bordeaux",4,"Germany","wine (via Hamburg)"
1790,5,"Bordeaux",5,"West Indies","sugar · coffee"
1790,5,"Bordeaux",6,"West Africa","enslaved people"
1790,5,"Bordeaux",7,"Newfoundland","cod"
1790,5,"Bordeaux",8,"Iberia","re-export"
1790,6,"Cádiz",1,"Spanish Main","silver · cochineal"
1790,6,"Cádiz",2,"Caribbean","the Indies fleets · sugar"
1790,6,"Cádiz",3,"Atlantic Isles","Canary wine"
1790,6,"Cádiz",4,"France","linens · re-export"
1790,6,"Cádiz",5,"Low Countries","colonial re-export"
1790,6,"Cádiz",6,"West Mediterranean","Italian goods"
1790,6,"Cádiz",7,"West Africa","enslaved people (asiento)"
1790,6,"Cádiz",8,"England","colonial re-export"
1790,7,"Canton",1,"England","tea"
1790,7,"Canton",2,"East Indies","tea · junk trade"
1790,7,"Canton",3,"Northern Europe","tea (chartered companies)"
1790,7,"Canton",4,"India","raw cotton · opium"
1790,7,"Canton",5,"Manila","junk trade"
1790,7,"Canton",6,"North America","tea · furs"
1790,8,"Copenhagen",1,"Norway","timber"
1790,8,"Copenhagen",2,"Iceland","fish (royal monopoly)"
1790,8,"Copenhagen",3,"Baltic","grain · coasting"
1790,8,"Copenhagen",4,"West Indies","sugar (Danish St Thomas)"
1790,8,"Copenhagen",5,"India","textiles (via Tranquebar)"
1790,8,"Copenhagen",6,"China","tea (via Canton)"
1790,9,"Calcutta",1,"England","textiles · saltpetre (EIC)"
1790,9,"Calcutta",2,"China","opium · raw cotton"
1790,9,"Calcutta",3,"East Indies","textiles"
1790,9,"Calcutta",4,"Persian Gulf","textiles"
1790,9,"Calcutta",5,"India","coastal country trade"
1790,10,"Marseille",1,"Levant","cotton · silk · coffee (Smyrna · Aleppo)"
1790,10,"Marseille",2,"West Mediterranean","Italian · Spanish coasting"
1790,10,"Marseille",3,"North Africa","Barbary hides · coral"
1790,10,"Marseille",4,"France","coasting"
1790,10,"Marseille",5,"West Indies","sugar · coffee"
1790,10,"Marseille",6,"Iberia","re-export"
1800,1,"London",1,"Iberia","wine · fruit · bullion"
1800,1,"London",2,"France","wine"
1800,1,"London",3,"Baltic","naval stores"
1800,1,"London",4,"Norway","timber"
1800,1,"London",5,"Levant","silk · currants"
1800,1,"London",6,"West Indies","sugar"
1800,1,"London",7,"North America","tobacco"
1800,1,"London",8,"India","cotton textiles"
1800,1,"London",9,"China","tea"
1800,2,"Liverpool",1,"West Africa","enslaved people"
1800,2,"Liverpool",2,"West Indies","sugar"
1800,2,"Liverpool",3,"North America","tobacco · provisions"
1800,2,"Liverpool",4,"Ireland","provisions · linen"
1800,2,"Liverpool",5,"Iberia","salt"
1800,3,"Hamburg",1,"Iberia","colonial re-export"
1800,3,"Hamburg",2,"France","wine"
1800,3,"Hamburg",3,"Baltic","grain"
1800,3,"Hamburg",4,"Norway","timber"
1800,3,"Hamburg",5,"England","manufactures"
1800,3,"Hamburg",6,"Brazil","sugar"
1800,3,"Hamburg",7,"West Indies","colonial re-export"
1800,3,"Hamburg",8,"Arctic","whale oil"
1800,3,"Hamburg",9,"Russia","naval stores"
1800,3,"Hamburg",10,"West Mediterranean","Italian goods"
1800,4,"Cádiz",1,"Spanish Main","silver · cochineal"
1800,4,"Cádiz",2,"Caribbean","the Indies fleets · sugar"
1800,4,"Cádiz",3,"Atlantic Isles","Canary wine"
1800,4,"Cádiz",4,"France","linens · re-export"
1800,4,"Cádiz",5,"Low Countries","colonial re-export"
1800,4,"Cádiz",6,"West Mediterranean","Italian goods"
1800,4,"Cádiz",7,"West Africa","enslaved people (asiento)"
1800,4,"Cádiz",8,"England","colonial re-export"
1800,5,"Canton",1,"England","tea"
1800,5,"Canton",2,"East Indies","tea · junk trade"
1800,5,"Canton",3,"Northern Europe","tea (chartered companies)"
1800,5,"Canton",4,"India","raw cotton · opium"
1800,5,"Canton",5,"Manila","junk trade"
1800,5,"Canton",6,"North America","tea · furs"
1800,6,"St Petersburg",1,"England","hemp · flax · iron · timber"
1800,6,"St Petersburg",2,"Netherlands","naval stores"
1800,6,"St Petersburg",3,"Baltic","coasting"
1800,6,"St Petersburg",4,"West Mediterranean","grain · iron"
1800,7,"Amsterdam",1,"Baltic","grain (the moedernegotie)"
1800,7,"Amsterdam",2,"Norway","timber"
1800,7,"Amsterdam",3,"France","wine · salt"
1800,7,"Amsterdam",4,"Iberia","salt · colonial goods"
1800,7,"Amsterdam",5,"Russia","naval stores · furs"
1800,7,"Amsterdam",6,"Levant","silk"
1800,7,"Amsterdam",7,"East Indies","fine spices"
1800,7,"Amsterdam",8,"West Africa","gold · enslaved people"
1800,7,"Amsterdam",9,"West Indies","sugar"
1800,7,"Amsterdam",10,"Arctic","whale oil"
1800,8,"Calcutta",1,"England","textiles · saltpetre (EIC)"
1800,8,"Calcutta",2,"China","opium · raw cotton"
1800,8,"Calcutta",3,"East Indies","textiles"
1800,8,"Calcutta",4,"Persian Gulf","textiles"
1800,8,"Calcutta",5,"India","coastal country trade"
1800,9,"Copenhagen",1,"Norway","timber"
1800,9,"Copenhagen",2,"Iceland","fish (royal monopoly)"
1800,9,"Copenhagen",3,"Baltic","grain · coasting"
1800,9,"Copenhagen",4,"West Indies","sugar (Danish St Thomas)"
1800,9,"Copenhagen",5,"India","textiles (via Tranquebar)"
1800,9,"Copenhagen",6,"China","tea (via Canton)"
1800,10,"Newcastle",1,"England","coal (the coastal collier trade)"
1800,10,"Newcastle",2,"Low Countries","coal"
1800,10,"Newcastle",3,"France","coal"
1800,10,"Newcastle",4,"Germany","coal"
1810,1,"London",1,"Iberia","wine · fruit · bullion"
1810,1,"London",2,"France","wine"
1810,1,"London",3,"Baltic","naval stores"
1810,1,"London",4,"Norway","timber"
1810,1,"London",5,"Levant","silk · currants"
1810,1,"London",6,"West Indies","sugar"
1810,1,"London",7,"North America","tobacco"
1810,1,"London",8,"India","cotton textiles"
1810,1,"London",9,"China","tea"
1810,2,"Liverpool",1,"West Africa","enslaved people"
1810,2,"Liverpool",2,"West Indies","sugar"
1810,2,"Liverpool",3,"North America","tobacco · provisions"
1810,2,"Liverpool",4,"Ireland","provisions · linen"
1810,2,"Liverpool",5,"Iberia","salt"
1810,3,"New York",1,"West Indies","flour · provisions"
1810,3,"New York",2,"England","furs · provisions · return"
1810,3,"New York",3,"Iberia","wheat · flour"
1810,3,"New York",4,"North America","coasting"
1810,4,"St Petersburg",1,"England","hemp · flax · iron · timber"
1810,4,"St Petersburg",2,"Netherlands","naval stores"
1810,4,"St Petersburg",3,"Baltic","coasting"
1810,4,"St Petersburg",4,"West Mediterranean","grain · iron"
1810,5,"Canton",1,"England","tea"
1810,5,"Canton",2,"East Indies","tea · junk trade"
1810,5,"Canton",3,"Northern Europe","tea (chartered companies)"
1810,5,"Canton",4,"India","raw cotton · opium"
1810,5,"Canton",5,"Manila","junk trade"
1810,5,"Canton",6,"North America","tea · furs"
1810,6,"Riga",1,"Low Countries","timber · flax · hemp"
1810,6,"Riga",2,"England","masts · naval stores"
1810,6,"Riga",3,"France","timber"
1810,6,"Riga",4,"Iberia","timber"
1810,7,"Cádiz",1,"Spanish Main","silver · cochineal"
1810,7,"Cádiz",2,"Caribbean","the Indies fleets · sugar"
1810,7,"Cádiz",3,"Atlantic Isles","Canary wine"
1810,7,"Cádiz",4,"France","linens · re-export"
1810,7,"Cádiz",5,"Low Countries","colonial re-export"
1810,7,"Cádiz",6,"West Mediterranean","Italian goods"
1810,7,"Cádiz",7,"West Africa","enslaved people (asiento)"
1810,7,"Cádiz",8,"England","colonial re-export"
1810,8,"Copenhagen",1,"Norway","timber"
1810,8,"Copenhagen",2,"Iceland","fish (royal monopoly)"
1810,8,"Copenhagen",3,"Baltic","grain · coasting"
1810,8,"Copenhagen",4,"West Indies","sugar (Danish St Thomas)"
1810,8,"Copenhagen",5,"India","textiles (via Tranquebar)"
1810,8,"Copenhagen",6,"China","tea (via Canton)"
1810,9,"Calcutta",1,"England","textiles · saltpetre (EIC)"
1810,9,"Calcutta",2,"China","opium · raw cotton"
1810,9,"Calcutta",3,"East Indies","textiles"
1810,9,"Calcutta",4,"Persian Gulf","textiles"
1810,9,"Calcutta",5,"India","coastal country trade"
1810,10,"Newcastle",1,"England","coal (the coastal collier trade)"
1810,10,"Newcastle",2,"Low Countries","coal"
1810,10,"Newcastle",3,"France","coal"
1810,10,"Newcastle",4,"Germany","coal"
